,time,open,high,low,close,volume,RSI_14
0,2022-09-12 11:11:00,22111.42,22129.7,22109.67,22121.04,158.1805,
1,2022-09-12 11:12:00,22121.04,22136.81,22116.68,22133.52,140.36926,
2,2022-09-12 11:13:00,22134.06,22134.69,22116.95,22120.76,190.31365,
3,2022-09-12 11:14:00,22120.76,22121.16,22104.33,22107.75,165.99519,
4,2022-09-12 11:15:00,22107.75,22125.95,22106.0,22122.73,214.7971,
5,2022-09-12 11:16:00,22122.72,22174.42,22115.92,22170.72,386.44592,
6,2022-09-12 11:17:00,22170.73,22188.73,22168.13,22184.56,371.75158,
7,2022-09-12 11:18:00,22184.56,22210.32,22180.26,22199.52,368.84976,
8,2022-09-12 11:19:00,22200.41,22208.08,22183.36,22197.95,241.73543,
9,2022-09-12 11:20:00,22197.95,22198.9,22169.28,22183.5,211.46168,
10,2022-09-12 11:21:00,22183.5,22211.41,22179.1,22204.32,261.18424,
11,2022-09-12 11:22:00,22204.32,22226.85,22202.59,22204.72,283.22873,
12,2022-09-12 11:23:00,22205.91,22256.94,22201.41,22240.2,515.35353,
13,2022-09-12 11:24:00,22240.18,22251.38,22223.69,22225.57,320.12982,
14,2022-09-12 11:25:00,22225.57,22272.03,22214.7,22255.09,443.81425,77.147717607031
15,2022-09-12 11:26:00,22253.68,22262.37,22224.53,22247.21,293.45501,74.58409766588576
16,2022-09-12 11:27:00,22247.24,22255.03,22231.95,22250.28,253.87504,74.93357562301269
17,2022-09-12 11:28:00,22249.02,22255.1,22241.22,22245.04,203.36228,73.08631606639156
18,2022-09-12 11:29:00,22245.05,22255.2,22234.62,22237.42,236.96683,70.36959599732545
19,2022-09-12 11:30:00,22237.42,22245.02,22226.95,22229.03,230.18561,67.39893216992662
20,2022-09-12 11:31:00,22229.03,22237.79,22220.78,22231.54,192.67788,67.83638352804951
21,2022-09-12 11:32:00,22231.54,22257.56,22229.59,22254.9,206.07543,71.64920898604498
22,2022-09-12 11:33:00,22253.91,22255.76,22235.59,22246.15,226.33364,68.37936514618224
23,2022-09-12 11:34:00,22247.77,22287.91,22245.05,22281.55,370.18861,73.62389102736083
24,2022-09-12 11:35:00,22281.55,22287.93,22261.62,22282.6,310.32493,73.76289343017099
25,2022-09-12 11:36:00,22282.6,22289.2,22266.32,22281.45,263.10953,73.30722224400219
26,2022-09-12 11:37:00,22281.44,22286.85,22272.21,22275.44,209.87201,70.84414023311656
27,2022-09-12 11:38:00,22276.63,22287.23,22272.89,22275.88,210.78457,70.92117236015825
28,2022-09-12 11:39:00,22275.22,22297.43,22257.06,22295.8,306.85589,74.23951625835635
29,2022-09-12 11:40:00,22297.21,22349.99,22277.31,22309.08,919.28471,76.19022825741352
30,2022-09-12 11:41:00,22309.1,22319.12,22294.28,22306.76,349.56293,75.12001725010606
31,2022-09-12 11:42:00,22306.75,22369.99,22305.73,22341.89,875.33409,79.75686432509511
32,2022-09-12 11:43:00,22341.98,22369.08,22333.96,22338.09,367.78443,78.06212389003538
33,2022-09-12 11:44:00,22338.09,22368.24,22324.4,22357.61,445.80396,80.36963782640761
34,2022-09-12 11:45:00,22356.47,22472.68,22348.03,22392.19,1790.17774,83.6504754698787
35,2022-09-12 11:46:00,22392.19,22416.03,22363.33,22395.85,750.19503,83.95611308280347
36,2022-09-12 11:47:00,22394.02,22403.83,22359.12,22376.81,770.64024,75.99693385072716
37,2022-09-12 11:48:00,22376.81,22413.51,22365.1,22401.35,508.6694,78.78811215504841
38,2022-09-12 11:49:00,22400.32,22408.02,22315.21,22337.87,544.38728,59.51022297836243
39,2022-09-12 11:50:00,22336.42,22400.12,22328.12,22391.0,651.68735,66.82632774158718
40,2022-09-12 11:51:00,22391.0,22400.02,22343.1,22348.84,789.8715,57.8877812323157
41,2022-09-12 11:52:00,22350.2,22359.05,22335.9,22343.34,420.80943,56.820036139439566
42,2022-09-12 11:53:00,22342.21,22345.8,22300.71,22324.52,510.1915,53.20373635152965
43,2022-09-12 11:54:00,22324.52,22340.0,22301.3,22334.13,373.95492,54.78616000269299
44,2022-09-12 11:55:00,22334.13,22337.18,22300.0,22311.99,270.51413,50.54550413135951
45,2022-09-12 11:56:00,22311.99,22324.77,22291.22,22299.22,354.01838,48.226783475883074
46,2022-09-12 11:57:00,22298.96,22328.1,22295.84,22327.06,265.51311,53.26075346798724
47,2022-09-12 11:58:00,22326.03,22333.0,22306.3,22316.55,221.5897,51.23543164234856
48,2022-09-12 11:59:00,22315.95,22327.47,22310.0,22312.75,190.8662,50.48788299244057
49,2022-09-12 12:00:00,22313.57,22340.22,22295.23,22301.05,398.72246,48.15804942195127
50,2022-09-12 12:01:00,22300.86,22335.37,22294.8,22305.92,393.79084,49.20869181291657
51,2022-09-12 12:02:00,22304.85,22306.7,22271.8,22281.18,488.43367,44.29728292383176
52,2022-09-12 12:03:00,22282.12,22297.07,22278.55,22284.36,215.99549,45.0563736752317
53,2022-09-12 12:04:00,22284.36,22304.54,22276.51,22289.96,236.65218,46.44057362071304
54,2022-09-12 12:05:00,22288.4,22297.13,22282.57,22288.43,203.36937,46.098861959863086
55,2022-09-12 12:06:00,22289.8,22341.22,22288.43,22320.47,430.74179,53.77018300099348
56,2022-09-12 12:07:00,22318.87,22336.34,22310.07,22332.13,252.89712,56.212558954117156
57,2022-09-12 12:08:00,22332.95,22359.5,22307.0,22325.02,330.40446,54.32774808129422
58,2022-09-12 12:09:00,22325.01,22334.24,22308.0,22315.15,306.97506,51.73448380276601
59,2022-09-12 12:10:00,22316.53,22323.12,22307.0,22318.33,241.35397,52.520846123430665
60,2022-09-12 12:11:00,22317.1,22322.98,22303.77,22316.42,211.77089,51.973129978012025
61,2022-09-12 12:12:00,22316.2,22324.45,22309.36,22322.35,231.36759,53.59131832797157
62,2022-09-12 12:13:00,22322.38,22324.45,22306.6,22313.6,128.62968,50.867826892473914
63,2022-09-12 12:14:00,22313.01,22344.69,22311.07,22343.28,155.40372,58.560639372303655
64,2022-09-12 12:15:00,22344.55,22348.65,22270.0,22272.17,399.74508,41.71015354373569
65,2022-09-12 12:16:00,22270.2,22297.45,22270.0,22288.0,221.42309,45.47167621927277
66,2022-09-12 12:17:00,22286.92,22290.98,22259.81,22263.26,361.67866,41.01679657371533
67,2022-09-12 12:18:00,22263.26,22280.43,22256.98,22264.83,250.56838,41.4090889813416
68,2022-09-12 12:19:00,22262.81,22294.24,22245.93,22286.56,283.89025,46.693609415705986
69,2022-09-12 12:20:00,22286.53,22297.98,22270.0,22283.39,236.04749,46.041220790072835
70,2022-09-12 12:21:00,22283.39,22287.23,22253.32,22257.64,276.06973,41.02681586766735
71,2022-09-12 12:22:00,22259.33,22280.82,22250.71,22259.66,535.35912,41.56447661119941
72,2022-09-12 12:23:00,22258.76,22273.23,22251.46,22260.93,292.13352,41.92298151352091
73,2022-09-12 12:24:00,22260.93,22267.24,22250.11,22258.73,224.06445,41.4485957737014
74,2022-09-12 12:25:00,22258.73,22263.56,22226.23,22234.22,490.3751,36.49401991259574
75,2022-09-12 12:26:00,22231.91,22248.26,22202.21,22232.71,651.92164,36.206871788003205
76,2022-09-12 12:27:00,22232.72,22270.11,22227.15,22263.95,341.29515,45.722228041324584
77,2022-09-12 12:28:00,22263.95,22285.71,22251.05,22279.66,263.24757,49.77904976157312
78,2022-09-12 12:29:00,22279.08,22298.76,22273.12,22287.1,314.86925,51.62314348411484
79,2022-09-12 12:30:00,22287.1,22307.7,22280.87,22305.42,303.11946,55.915728896019544
80,2022-09-12 12:31:00,22305.08,22323.38,22300.48,22306.13,382.63903,56.078387536790586
81,2022-09-12 12:32:00,22306.12,22320.69,22301.22,22308.36,260.65131,56.61978519170956
82,2022-09-12 12:33:00,22310.16,22321.22,22298.12,22308.06,241.90693,56.518852349179525
83,2022-09-12 12:34:00,22307.35,22357.02,22306.11,22345.27,383.14581,64.8811818770583
84,2022-09-12 12:35:00,22346.06,22373.25,22331.6,22353.71,397.27332,66.45696378566728
85,2022-09-12 12:36:00,22355.48,22372.2,22349.59,22354.85,280.26714,66.6744743298285
86,2022-09-12 12:37:00,22354.85,22376.97,22348.41,22361.23,351.25702,67.92792018511673
87,2022-09-12 12:38:00,22361.23,22389.43,22357.57,22370.44,405.0381,69.69965908177952
88,2022-09-12 12:39:00,22371.66,22384.93,22361.22,22372.74,359.91898,70.14323527629683
89,2022-09-12 12:40:00,22372.74,22375.15,22348.33,22363.35,381.37506,65.90154685196435
90,2022-09-12 12:41:00,22364.53,22368.43,22342.98,22350.32,325.97736,60.4397085473576
91,2022-09-12 12:42:00,22351.41,22365.38,22340.03,22353.93,292.05341,61.39435274674966
92,2022-09-12 12:43:00,22353.82,22356.59,22332.88,22342.99,211.3919,56.91224228339781
93,2022-09-12 12:44:00,22343.99,22354.79,22340.93,22353.37,194.5047,59.90331719686965
94,2022-09-12 12:45:00,22353.13,22360.48,22344.01,22346.03,212.84837,56.89561007146785
95,2022-09-12 12:46:00,22347.52,22363.41,22345.11,22352.7,265.43296,58.914389515976985
96,2022-09-12 12:47:00,22352.7,22382.89,22350.84,22375.14,320.27895,64.8747027213429
97,2022-09-12 12:48:00,22375.14,22424.69,22375.14,22402.45,619.0617,70.48630033479448
98,2022-09-12 12:49:00,22402.86,22408.54,22384.31,22391.33,357.07165,65.87170931123393
99,2022-09-12 12:50:00,22391.33,22397.29,22371.01,22372.44,259.4681,58.82621800976228
100,2022-09-12 12:51:00,22372.44,22383.06,22367.78,22373.61,213.06862,59.117883007886384
101,2022-09-12 12:52:00,22372.16,22376.18,22349.05,22352.4,346.41756,51.93551743788012
102,2022-09-12 12:53:00,22352.4,22357.92,22342.62,22347.29,184.33289,50.3484348678549
103,2022-09-12 12:54:00,22347.01,22348.46,22324.62,22334.4,261.31463,46.489178481306645
104,2022-09-12 12:55:00,22335.43,22347.3,22325.21,22344.55,160.04599,49.755112054146984
105,2022-09-12 12:56:00,22343.48,22357.71,22341.8,22348.95,225.39399,51.14707482376423
106,2022-09-12 12:57:00,22349.88,22362.41,22344.94,22355.68,234.5088,53.27910788717705
107,2022-09-12 12:58:00,22355.68,22361.63,22349.65,22357.32,177.73577,53.80814029472889
108,2022-09-12 12:59:00,22358.21,22359.53,22347.54,22355.25,204.26041,52.99250357627362
109,2022-09-12 13:00:00,22355.25,22357.52,22331.59,22333.26,257.78034,45.16089622117396
110,2022-09-12 13:01:00,22333.26,22345.09,22313.77,22324.19,245.9604,42.378921922975934
111,2022-09-12 13:02:00,22324.19,22329.22,22310.02,22318.1,238.29801,40.571712072508056
112,2022-09-12 13:03:00,22319.22,22319.76,22295.0,22297.65,296.92617,35.150992122035504
113,2022-09-12 13:04:00,22297.65,22311.22,22293.64,22296.38,231.07259,34.83967513049555
114,2022-09-12 13:05:00,22295.41,22312.73,22291.59,22303.86,200.56218,38.305406557682495
115,2022-09-12 13:06:00,22304.53,22324.3,22302.84,22305.26,214.6953,38.959799693089295
116,2022-09-12 13:07:00,22305.26,22325.37,22302.5,22324.06,223.32945,47.07771818325053
117,2022-09-12 13:08:00,22324.06,22334.65,22317.53,22318.79,181.20919,45.26058665204354
118,2022-09-12 13:09:00,22319.76,22331.57,22318.57,22323.34,182.65963,47.157045890599385
119,2022-09-12 13:10:00,22322.08,22330.71,22321.22,22327.05,155.49153,48.71718187202983
120,2022-09-12 13:11:00,22327.05,22330.44,22304.41,22306.86,246.67223,41.53104737427212
121,2022-09-12 13:12:00,22305.89,22309.5,22280.08,22296.06,262.0724,38.27838552695959
122,2022-09-12 13:13:00,22297.11,22338.85,22296.06,22333.8,289.2512,52.32869515691896
123,2022-09-12 13:14:00,22332.62,22363.13,22331.17,22358.21,287.46222,58.85304040577199
124,2022-09-12 13:15:00,22357.0,22359.47,22321.22,22324.48,219.08744,48.89492939145201
125,2022-09-12 13:16:00,22325.69,22327.58,22300.0,22316.14,323.09022,46.786946160555566
126,2022-09-12 13:17:00,22317.46,22330.1,22314.09,22325.48,256.38037,49.417050552301426
127,2022-09-12 13:18:00,22325.48,22340.65,22319.55,22331.99,202.33652,51.226544458056736
128,2022-09-12 13:19:00,22331.99,22342.89,22325.0,22341.35,178.93332,53.78632662843438
129,2022-09-12 13:20:00,22341.35,22342.06,22329.42,22332.02,139.23337,50.91767051934531
130,2022-09-12 13:21:00,22332.02,22351.21,22331.1,22346.85,152.56956,55.023807917577585
131,2022-09-12 13:22:00,22346.85,22358.31,22346.85,22350.77,240.69647,56.0699710235954
132,2022-09-12 13:23:00,22351.52,22355.0,22332.36,22349.12,188.3104,55.48494599657312
133,2022-09-12 13:24:00,22349.7,22357.56,22342.89,22353.46,180.97396,56.76283116902796
134,2022-09-12 13:25:00,22352.38,22354.34,22343.02,22347.11,210.48539,54.30639989026034
135,2022-09-12 13:26:00,22346.55,22369.02,22346.53,22357.34,265.45442,57.497508263252264
136,2022-09-12 13:27:00,22357.97,22378.64,22326.73,22328.46,232.27119,47.42763730169954
137,2022-09-12 13:28:00,22328.66,22337.88,22310.0,22318.85,181.02994,44.62683866704095
138,2022-09-12 13:29:00,22319.99,22348.07,22318.47,22341.62,127.6287,51.87815704595866
139,2022-09-12 13:30:00,22343.09,22361.91,22316.36,22347.43,318.21418,53.549649557026946
140,2022-09-12 13:31:00,22347.43,22363.52,22330.0,22346.83,302.54462,53.34358458185575
141,2022-09-12 13:32:00,22346.83,22393.55,22346.82,22386.79,407.98205,63.43536337469074
142,2022-09-12 13:33:00,22388.12,22405.68,22368.25,22376.54,406.43312,59.858788314269404
143,2022-09-12 13:34:00,22376.93,22386.62,22368.12,22375.78,299.78432,59.59050885880697
144,2022-09-12 13:35:00,22375.78,22379.05,22318.26,22318.56,398.63148,43.70745634601923
145,2022-09-12 13:36:00,22318.56,22330.1,22286.57,22310.94,489.5154,42.09824648359486
146,2022-09-12 13:37:00,22312.72,22312.72,22277.24,22288.06,395.49353,37.61950530708382
147,2022-09-12 13:38:00,22286.16,22316.37,22282.33,22311.87,415.39802,44.26473624520565
148,2022-09-12 13:39:00,22310.64,22389.13,22309.85,22381.89,556.82115,58.32477726797617
149,2022-09-12 13:40:00,22381.89,22467.35,22381.89,22443.18,734.4624,66.33116792705806
150,2022-09-12 13:41:00,22443.18,22454.6,22382.65,22384.82,510.36121,55.41444725108694
151,2022-09-12 13:42:00,22386.06,22386.32,22325.21,22334.72,419.94968,48.096414017836764
152,2022-09-12 13:43:00,22336.88,22384.99,22325.0,22349.0,457.86869,50.118439248999906
153,2022-09-12 13:44:00,22349.0,22369.08,22336.25,22365.39,335.70082,52.41004513422134
154,2022-09-12 13:45:00,22365.38,22370.72,22328.55,22337.21,354.23963,48.30133286479699
155,2022-09-12 13:46:00,22335.85,22343.92,22310.28,22326.03,311.4196,46.735924914030974
156,2022-09-12 13:47:00,22327.51,22362.02,22317.87,22356.12,265.4039,51.30971091325905
157,2022-09-12 13:48:00,22355.34,22380.67,22326.0,22340.57,372.8084,48.969474239153
158,2022-09-12 13:49:00,22340.57,22343.42,22325.1,22332.57,221.79596,47.762517510886376
159,2022-09-12 13:50:00,22332.57,22336.81,22313.35,22323.38,333.70184,46.349266413361136
160,2022-09-12 13:51:00,22323.38,22352.85,22316.02,22349.18,344.91372,50.7546732630759
161,2022-09-12 13:52:00,22347.36,22381.22,22345.0,22367.65,392.2698,53.68657321962711
162,2022-09-12 13:53:00,22367.65,22370.59,22350.29,22352.49,234.0994,51.00251045909787
163,2022-09-12 13:54:00,22354.03,22368.11,22350.3,22351.89,218.59798,50.89406014513245
164,2022-09-12 13:55:00,22351.89,22394.63,22350.14,22390.61,410.50785,57.21649549978369
165,2022-09-12 13:56:00,22390.61,22400.0,22370.0,22397.07,305.15675,58.183829560383714
166,2022-09-12 13:57:00,22397.07,22399.54,22376.06,22396.54,263.26607,58.06782802407457
167,2022-09-12 13:58:00,22395.7,22416.64,22394.52,22408.9,364.9052,60.06730910677223
168,2022-09-12 13:59:00,22408.9,22411.0,22387.14,22394.96,275.36822,56.77889957105226
169,2022-09-12 14:00:00,22394.96,22407.8,22383.01,22397.73,302.14648,57.27937982728842
170,2022-09-12 14:01:00,22397.15,22402.04,22360.42,22381.72,290.83471,53.42849676462881
171,2022-09-12 14:02:00,22381.72,22386.6,22354.36,22355.2,352.91393,47.706984171989205
172,2022-09-12 14:03:00,22355.79,22373.64,22351.0,22366.41,248.53606,50.1376615619317
173,2022-09-12 14:04:00,22366.41,22371.14,22352.09,22360.18,205.12498,48.78060505302655
174,2022-09-12 14:05:00,22361.38,22371.0,22328.96,22349.99,285.50542,46.56074986259689
175,2022-09-12 14:06:00,22349.99,22398.68,22348.82,22395.92,357.94886,56.2294193491755
176,2022-09-12 14:07:00,22395.92,22397.38,22373.49,22378.83,318.48864,52.42837402008509
177,2022-09-12 14:08:00,22378.83,22419.19,22378.83,22413.74,381.29476,58.58681213874649
178,2022-09-12 14:09:00,22413.74,22433.61,22387.51,22400.53,403.07586,55.65096822010951
179,2022-09-12 14:10:00,22401.1,22403.66,22387.04,22389.64,335.1285,53.28062021246479
180,2022-09-12 14:11:00,22389.64,22425.01,22377.61,22409.39,594.62118,56.8686523133473
181,2022-09-12 14:12:00,22409.39,22443.64,22401.28,22430.34,473.06606,60.347470698020324
182,2022-09-12 14:13:00,22430.34,22435.09,22405.68,22415.6,379.50514,56.87183605735245
183,2022-09-12 14:14:00,22415.07,22419.07,22400.0,22416.15,281.51276,56.97141831428898
184,2022-09-12 14:15:00,22415.74,22423.33,22405.05,22420.36,318.32833,57.77511751151562
185,2022-09-12 14:16:00,22421.93,22450.0,22412.05,22446.0,293.55625,62.38337690968074
186,2022-09-12 14:17:00,22446.0,22488.0,22443.88,22454.62,541.0267,63.813232527283695
187,2022-09-12 14:18:00,22454.62,22454.85,22425.1,22428.19,276.23338,56.6970449809993
188,2022-09-12 14:19:00,22428.19,22451.22,22405.0,22432.65,287.27135,57.557173441837996
189,2022-09-12 14:20:00,22432.65,22463.86,22429.13,22456.82,426.75565,61.96619329582593
190,2022-09-12 14:21:00,22456.82,22461.73,22436.69,22441.57,246.37345,57.88065690070469
191,2022-09-12 14:22:00,22441.57,22458.7,22440.51,22453.58,188.69348,60.111163352105294
192,2022-09-12 14:23:00,22453.58,22464.63,22446.25,22452.56,237.85228,59.82141536580833
193,2022-09-12 14:24:00,22452.56,22462.99,22443.1,22455.73,211.87935,60.45931630488395
194,2022-09-12 14:25:00,22455.18,22475.0,22436.32,22450.53,367.14844,58.80987218159592
195,2022-09-12 14:26:00,22450.53,22452.48,22399.6,22425.1,324.32608,51.42152896421025
196,2022-09-12 14:27:00,22423.4,22431.22,22385.1,22392.18,271.02482,43.75764505868228
197,2022-09-12 14:28:00,22392.18,22406.09,22380.0,22382.57,300.40275,41.79916229336469
198,2022-09-12 14:29:00,22382.58,22408.21,22368.34,22392.19,283.48814,44.478122862616196
199,2022-09-12 14:30:00,22392.19,22408.72,22354.01,22358.31,251.41372,37.867314013111304
200,2022-09-12 14:31:00,22359.18,22393.21,22356.76,22376.53,261.77723,42.79174969178735
201,2022-09-12 14:32:00,22379.27,22381.78,22362.22,22368.98,236.92984,41.32996099795703
202,2022-09-12 14:33:00,22368.98,22375.38,22350.0,22350.03,318.64013,37.83630442787834
203,2022-09-12 14:34:00,22351.6,22359.94,22347.27,22347.37,180.4634,37.35892175188155
204,2022-09-12 14:35:00,22347.56,22365.0,22346.01,22356.36,159.92249,40.10922520119061
205,2022-09-12 14:36:00,22354.39,22357.5,22337.67,22346.82,263.91121,38.19286563007593
206,2022-09-12 14:37:00,22345.55,22368.54,22340.82,22367.31,199.92126,44.34358896095645
207,2022-09-12 14:38:00,22367.31,22371.21,22337.27,22338.92,244.14097,38.61035693927749
208,2022-09-12 14:39:00,22340.77,22345.01,22335.59,22336.67,101.92553,38.18894374084017
209,2022-09-12 14:40:00,22336.67,22343.89,22331.41,22334.74,129.33951,37.80775098828422
210,2022-09-12 14:41:00,22334.74,22342.71,22325.05,22329.01,144.05454,36.63845062480054
211,2022-09-12 14:42:00,22329.01,22332.52,22297.99,22299.36,385.59853,31.252263078956183
212,2022-09-12 14:43:00,22299.36,22334.66,22294.87,22327.16,260.24881,40.13812336949956
213,2022-09-12 14:44:00,22325.88,22335.92,22314.47,22323.81,176.35268,39.475970021478815
214,2022-09-12 14:45:00,22322.69,22361.36,22316.81,22349.73,325.4686,46.79019118014068
215,2022-09-12 14:46:00,22348.62,22359.9,22346.07,22355.29,170.37597,48.235293129856736
216,2022-09-12 14:47:00,22356.78,22377.41,22352.47,22370.0,245.22122,51.95316276745508
217,2022-09-12 14:48:00,22370.0,22373.51,22365.96,22369.34,119.94761,51.77348936962588
218,2022-09-12 14:49:00,22370.85,22384.77,22367.04,22381.67,157.44849,54.91073666683962
219,2022-09-12 14:50:00,22383.25,22401.79,22372.03,22384.17,453.11741,55.542234923081594
220,2022-09-12 14:51:00,22384.74,22385.65,22350.64,22351.55,275.06815,46.40890811392143
221,2022-09-12 14:52:00,22352.69,22379.9,22351.5,22361.06,341.88309,49.03988648133239
222,2022-09-12 14:53:00,22360.68,22361.07,22316.94,22329.48,208.74677,41.71597104708588
223,2022-09-12 14:54:00,22329.48,22329.64,22310.0,22320.77,149.19294,39.94408005210273
224,2022-09-12 14:55:00,22319.29,22322.26,22293.88,22303.05,277.2727,36.54334220762031
225,2022-09-12 14:56:00,22301.38,22313.23,22294.39,22309.07,164.56276,38.460218721975366
226,2022-09-12 14:57:00,22309.07,22330.0,22300.01,22327.9,332.37528,44.14385660759549
227,2022-09-12 14:58:00,22327.9,22333.9,22308.55,22312.82,128.90015,40.88705025101162
228,2022-09-12 14:59:00,22314.02,22317.1,22300.0,22316.39,206.91961,41.97839746038308
229,2022-09-12 15:00:00,22316.4,22321.22,22290.0,22293.35,222.87245,37.204484033752685
230,2022-09-12 15:01:00,22293.35,22299.6,22226.66,22261.21,635.05142,31.775813953572396
231,2022-09-12 15:02:00,22259.31,22284.01,22232.04,22268.91,240.56464,34.25104944872624
232,2022-09-12 15:03:00,22269.17,22290.01,22257.35,22274.09,147.50715,35.93497497100378
233,2022-09-12 15:04:00,22274.09,22296.48,22270.0,22289.58,190.35142,40.81634964665561
234,2022-09-12 15:05:00,22289.58,22308.54,22287.37,22297.51,274.38452,43.202283884083734
235,2022-09-12 15:06:00,22297.51,22307.99,22284.3,22284.72,145.16987,40.37511024546374
236,2022-09-12 15:07:00,22284.72,22306.14,22272.61,22299.6,146.69787,44.893326774524816
237,2022-09-12 15:08:00,22298.12,22299.6,22280.29,22284.16,116.73048,41.38863668568028
238,2022-09-12 15:09:00,22285.34,22292.69,22277.59,22283.05,104.77233,41.139984477425564
239,2022-09-12 15:10:00,22282.17,22296.89,22281.57,22285.04,107.57295,41.814882100962855
240,2022-09-12 15:11:00,22285.04,22291.61,22276.53,22283.62,137.31142,41.44965883294308
241,2022-09-12 15:12:00,22282.05,22286.2,22270.12,22277.79,150.44348,39.90846425969762
242,2022-09-12 15:13:00,22276.4,22279.75,22243.9,22255.36,340.8242,34.58101152137266
243,2022-09-12 15:14:00,22255.16,22279.4,22253.49,22273.08,245.52727,41.25305688318844
244,2022-09-12 15:15:00,22273.08,22278.81,22255.83,22261.68,241.97916,38.53044926323193
245,2022-09-12 15:16:00,22262.73,22273.59,22256.33,22272.67,226.13402,42.47215797869644
246,2022-09-12 15:17:00,22271.15,22301.23,22271.15,22286.04,290.5498,46.93063732303037
247,2022-09-12 15:18:00,22286.04,22319.9,22285.6,22309.89,305.12096,53.80793348682662
248,2022-09-12 15:19:00,22309.89,22314.23,22293.3,22306.4,277.94079,52.731066320069466
249,2022-09-12 15:20:00,22306.4,22309.13,22293.64,22305.37,192.69601,52.39777412615889
250,2022-09-12 15:21:00,22305.37,22334.59,22303.83,22312.97,347.10442,54.674257918047466
251,2022-09-12 15:22:00,22310.96,22317.91,22302.33,22313.96,194.66613,54.976311961720945
252,2022-09-12 15:23:00,22315.66,22315.66,22273.61,22284.27,314.61583,45.23949205421424
253,2022-09-12 15:24:00,22284.27,22291.22,22272.46,22286.07,217.40023,45.865475505790684
254,2022-09-12 15:25:00,22287.59,22295.58,22275.23,22291.8,207.07484,47.90694100823249
255,2022-09-12 15:26:00,22291.99,22305.44,22289.59,22291.68,211.25442,47.866230337954754
256,2022-09-12 15:27:00,22291.68,22315.18,22285.41,22305.26,233.92278,52.758768580107805
257,2022-09-12 15:28:00,22306.13,22319.93,22300.63,22314.95,194.95038,55.93640167706615
258,2022-09-12 15:29:00,22313.87,22340.46,22312.72,22324.26,327.77364,58.8035670412103
259,2022-09-12 15:30:00,22325.44,22347.0,22322.75,22328.3,291.1893,60.019303674431825
260,2022-09-12 15:31:00,22328.3,22331.36,22296.43,22298.58,254.29331,48.64615891254756
261,2022-09-12 15:32:00,22299.73,22316.58,22287.61,22312.73,259.74002,53.19379174439752
262,2022-09-12 15:33:00,22311.4,22318.0,22299.28,22315.93,243.95263,54.18195173886975
263,2022-09-12 15:34:00,22315.93,22318.58,22295.88,22306.77,213.75166,50.8712046368465
264,2022-09-12 15:35:00,22307.73,22309.16,22271.22,22294.5,337.15621,46.75032639981481
265,2022-09-12 15:36:00,22294.5,22298.17,22238.61,22247.84,431.15233,35.104598760977865
266,2022-09-12 15:37:00,22249.21,22255.0,22204.22,22240.22,435.0744,33.631203363162015
267,2022-09-12 15:38:00,22239.51,22254.27,22230.0,22243.62,337.06948,34.943270776930014
268,2022-09-12 15:39:00,22243.63,22274.95,22242.04,22258.78,337.90559,40.583588782379074
269,2022-09-12 15:40:00,22258.78,22278.5,22255.22,22266.04,256.98132,43.126568525140925
270,2022-09-12 15:41:00,22266.04,22270.0,22241.38,22247.07,254.63392,38.49092315505679
271,2022-09-12 15:42:00,22247.06,22250.01,22211.22,22220.88,461.36218,33.18711662798567
272,2022-09-12 15:43:00,22220.88,22226.4,22179.01,22203.84,807.24282,30.26505366320256
273,2022-09-12 15:44:00,22203.8,22210.26,22165.66,22169.21,584.8452,25.375188252633755
274,2022-09-12 15:45:00,22167.79,22189.55,22141.8,22160.41,841.10841,24.300729773618276
275,2022-09-12 15:46:00,22160.42,22195.54,22150.91,22173.16,359.11308,28.992095158658337
276,2022-09-12 15:47:00,22173.62,22210.91,22170.17,22193.07,255.65934,35.69409173502451
277,2022-09-12 15:48:00,22191.59,22198.48,22152.12,22154.5,174.70803,29.821949169724377
278,2022-09-12 15:49:00,22156.99,22157.07,22120.0,22134.69,352.58559,27.33462234489946
279,2022-09-12 15:50:00,22134.69,22158.74,22117.19,22142.82,205.62761,29.918035396035446
280,2022-09-12 15:51:00,22141.75,22144.62,22073.17,22113.78,529.58465,26.318705975026564
281,2022-09-12 15:52:00,22113.78,22142.86,22113.28,22139.02,227.71796,33.77600137279201
282,2022-09-12 15:53:00,22137.64,22140.0,22108.81,22108.88,170.96201,29.886152796983918
283,2022-09-12 15:54:00,22108.88,22109.7,22078.86,22090.16,260.6519,27.748618427169404
284,2022-09-12 15:55:00,22090.16,22096.76,22046.7,22075.6,572.9239,26.180219313029106
285,2022-09-12 15:56:00,22075.6,22075.72,22000.0,22023.53,718.03884,21.500014470228663
286,2022-09-12 15:57:00,22023.53,22101.99,22022.8,22083.39,426.54589,35.72541976116401
287,2022-09-12 15:58:00,22082.59,22113.65,22080.05,22110.63,292.71258,40.96791748285603
288,2022-09-12 15:59:00,22108.9,22143.67,22108.41,22114.5,326.22565,41.6955121898091
289,2022-09-12 16:00:00,22112.59,22147.78,22108.92,22143.33,268.79988,46.942021927677544
290,2022-09-12 16:01:00,22145.16,22204.26,22140.63,22194.2,454.56742,54.68963370159591
291,2022-09-12 16:02:00,22194.2,22199.26,22155.2,22156.56,304.55353,48.98940971149405
292,2022-09-12 16:03:00,22157.41,22168.66,22138.57,22154.32,337.21359,48.66433678354943
293,2022-09-12 16:04:00,22151.66,22155.3,22099.34,22120.95,355.05525,43.98215790465122
294,2022-09-12 16:05:00,22120.95,22137.86,22106.6,22116.61,304.54147,43.39734285800601
295,2022-09-12 16:06:00,22116.61,22122.82,22080.95,22085.67,359.62136,39.377530807583014
296,2022-09-12 16:07:00,22085.67,22118.54,22079.74,22114.62,354.48671,44.55282425951863
297,2022-09-12 16:08:00,22114.62,22127.14,22080.5,22085.63,328.81902,40.79693145775784
298,2022-09-12 16:09:00,22085.59,22085.98,22043.85,22057.3,432.50601,37.472385559226524
299,2022-09-12 16:10:00,22056.1,22072.98,22027.43,22032.06,587.52846,34.75500972939103
300,2022-09-12 16:11:00,22032.06,22061.0,22010.96,22026.22,506.15548,34.138149847296184
301,2022-09-12 16:12:00,22026.22,22074.39,22020.2,22044.51,308.01564,37.85811665815797
302,2022-09-12 16:13:00,22046.27,22068.65,22043.11,22063.51,254.3659,41.5513296398011
303,2022-09-12 16:14:00,22063.5,22090.99,22056.03,22088.98,244.40273,46.16987641487757
304,2022-09-12 16:15:00,22088.98,22118.77,22053.96,22071.18,282.22729,43.57822837463811
305,2022-09-12 16:16:00,22073.76,22115.96,22068.78,22103.58,214.27348,49.17113319265266
306,2022-09-12 16:17:00,22103.58,22108.99,22078.74,22108.72,144.38735,50.017601293501926
307,2022-09-12 16:18:00,22108.72,22120.55,22092.98,22106.96,171.68396,49.71232123007136
308,2022-09-12 16:19:00,22107.09,22108.7,22075.73,22083.42,230.08644,45.695117515894694
309,2022-09-12 16:20:00,22084.74,22103.97,22070.22,22100.26,336.7474,48.877774794240516
310,2022-09-12 16:21:00,22099.25,22115.66,22074.34,22090.91,416.61831,47.222926815027996
311,2022-09-12 16:22:00,22090.91,22106.36,22084.92,22104.62,230.87546,49.90137360884912
312,2022-09-12 16:23:00,22105.9,22144.4,22103.33,22135.21,324.84695,55.34663373692491
313,2022-09-12 16:24:00,22135.21,22147.37,22129.0,22130.32,295.8493,54.33004120978049
314,2022-09-12 16:25:00,22131.71,22158.72,22125.37,22152.83,239.65868,58.141495603350755
315,2022-09-12 16:26:00,22155.47,22159.97,22137.01,22143.97,132.2368,56.15498302913294
316,2022-09-12 16:27:00,22145.0,22189.81,22143.45,22188.3,244.95991,62.971863354687784
317,2022-09-12 16:28:00,22186.02,22218.83,22178.35,22199.71,301.15866,64.50170175406552
318,2022-09-12 16:29:00,22201.58,22213.84,22197.73,22211.22,204.61479,66.02655366145848
319,2022-09-12 16:30:00,22211.22,22216.31,22175.0,22205.94,306.95616,64.65452760689115
320,2022-09-12 16:31:00,22205.94,22213.94,22184.65,22189.77,350.75303,60.50770738191509
321,2022-09-12 16:32:00,22187.8,22198.67,22174.1,22191.18,250.3507,60.74414386708741
322,2022-09-12 16:33:00,22191.18,22211.99,22185.66,22207.76,290.85896,63.51057145699994
323,2022-09-12 16:34:00,22207.76,22226.91,22191.61,22193.23,253.66442,59.54996119718309
324,2022-09-12 16:35:00,22193.23,22198.52,22173.33,22184.98,173.69765,57.36261247109032
325,2022-09-12 16:36:00,22182.31,22190.2,22175.68,22182.94,127.05793,56.80696539035306
326,2022-09-12 16:37:00,22181.25,22192.57,22165.0,22181.64,272.90303,56.4318264994432
327,2022-09-12 16:38:00,22181.64,22199.07,22178.32,22194.49,233.85711,59.29336849894865
328,2022-09-12 16:39:00,22194.49,22210.4,22187.87,22203.08,236.89619,61.131203766761274
329,2022-09-12 16:40:00,22203.08,22216.86,22198.55,22214.03,228.67505,63.399668703500076
330,2022-09-12 16:41:00,22213.36,22228.4,22203.22,22218.05,259.16914,64.22514662103895
331,2022-09-12 16:42:00,22217.09,22239.09,22213.02,22237.02,324.12989,67.90388476262163
332,2022-09-12 16:43:00,22237.02,22250.0,22223.28,22233.25,257.01174,66.44164005081944
333,2022-09-12 16:44:00,22231.78,22258.0,22230.01,22254.7,178.99644,70.35339018245965
334,2022-09-12 16:45:00,22252.72,22259.59,22230.0,22233.79,200.49805,62.68277788814335
335,2022-09-12 16:46:00,22232.28,22235.31,22212.45,22216.76,158.00955,57.21167406284218
336,2022-09-12 16:47:00,22216.76,22251.99,22216.76,22230.3,287.11047,60.18703682756438
337,2022-09-12 16:48:00,22232.49,22234.31,22208.17,22223.6,324.56664,58.03645330361871
338,2022-09-12 16:49:00,22225.11,22232.07,22218.93,22223.62,241.35271,58.04127295396344
339,2022-09-12 16:50:00,22223.62,22244.72,22221.86,22241.73,226.74678,62.26731832219794
340,2022-09-12 16:51:00,22244.7,22273.59,22236.09,22241.38,342.68606,62.13706258911945
341,2022-09-12 16:52:00,22240.0,22249.57,22213.13,22225.55,265.3078,56.39131598889959
342,2022-09-12 16:53:00,22225.55,22249.16,22222.05,22232.34,235.18227,58.17770939894502
343,2022-09-12 16:54:00,22232.34,22243.83,22225.07,22239.42,166.09719,60.016908170011575
344,2022-09-12 16:55:00,22239.42,22250.0,22234.93,22243.49,229.03547,61.07659494264171
345,2022-09-12 16:56:00,22243.49,22245.91,22230.74,22235.46,197.05388,57.820558615932946
346,2022-09-12 16:57:00,22236.46,22242.54,22224.48,22239.42,188.2897,58.98188540098127
347,2022-09-12 16:58:00,22239.42,22240.02,22224.51,22229.75,142.10733,54.99962787517554
348,2022-09-12 16:59:00,22229.14,22234.9,22213.05,22217.41,200.59415,50.32971743390876
349,2022-09-12 17:00:00,22218.23,22229.95,22215.85,22220.49,166.12109,51.43803768456598
350,2022-09-12 17:01:00,22220.49,22220.49,22183.33,22190.0,398.28636,41.55329264862559
351,2022-09-12 17:02:00,22190.54,22202.24,22164.18,22169.8,361.34538,36.54299175879194
352,2022-09-12 17:03:00,22169.8,22202.73,22137.43,22189.66,412.48332,43.72706117255235
353,2022-09-12 17:04:00,22189.66,22202.88,22187.02,22187.02,249.31201,43.02968285842256
354,2022-09-12 17:05:00,22188.15,22198.55,22179.78,22191.11,280.6633,44.506293340009236
355,2022-09-12 17:06:00,22192.73,22210.0,22189.79,22208.69,172.62389,50.45102469476358
356,2022-09-12 17:07:00,22208.69,22226.18,22204.51,22220.29,204.33844,53.956002879420204
357,2022-09-12 17:08:00,22220.08,22256.86,22215.86,22239.34,322.7197,59.075797511798754
358,2022-09-12 17:09:00,22239.34,22244.23,22224.07,22231.09,240.74453,56.16323478072726
359,2022-09-12 17:10:00,22231.76,22241.71,22228.72,22231.36,219.53627,56.23927523451262
360,2022-09-12 17:11:00,22231.36,22233.94,22222.0,22227.09,130.63587,54.6254733868369
361,2022-09-12 17:12:00,22228.0,22259.15,22227.09,22252.97,246.08233,61.78334973133157
362,2022-09-12 17:13:00,22252.97,22255.87,22240.77,22252.28,191.98886,61.504769444425364
363,2022-09-12 17:14:00,22251.32,22255.86,22237.92,22243.72,183.60923,58.01020777712792
364,2022-09-12 17:15:00,22243.72,22259.15,22232.55,22249.66,222.86101,59.720481215782954
365,2022-09-12 17:16:00,22248.91,22249.66,22226.54,22226.92,223.4999,51.13391422282053
366,2022-09-12 17:17:00,22228.1,22239.75,22218.26,22235.96,162.19274,53.967420809887415
367,2022-09-12 17:18:00,22237.51,22275.0,22232.47,22272.36,244.03054,63.216310472242
368,2022-09-12 17:19:00,22273.74,22301.02,22267.03,22292.04,406.45665,67.06879025531379
369,2022-09-12 17:20:00,22291.31,22292.57,22267.14,22272.11,243.90025,60.19335043133685
370,2022-09-12 17:21:00,22272.11,22279.12,22251.97,22263.12,234.26186,57.337998664544045
371,2022-09-12 17:22:00,22263.12,22297.64,22255.38,22296.98,276.818,64.22197555312924
372,2022-09-12 17:23:00,22296.92,22321.5,22294.4,22305.53,404.98894,65.72590684528767
373,2022-09-12 17:24:00,22305.53,22309.01,22277.97,22285.82,203.06593,59.51515209765219
374,2022-09-12 17:25:00,22285.82,22301.22,22264.72,22266.95,141.2361,54.23155370656041
375,2022-09-12 17:26:00,22266.95,22276.03,22255.0,22274.69,158.43032,55.958650253086326
376,2022-09-12 17:27:00,22273.86,22309.0,22273.86,22291.43,234.1488,59.51680176867335
377,2022-09-12 17:28:00,22292.71,22309.33,22289.82,22299.08,223.52019,61.06489061324819
378,2022-09-12 17:29:00,22300.02,22308.85,22291.97,22305.28,154.71252,62.32242241455459
379,2022-09-12 17:30:00,22304.15,22311.79,22283.16,22290.58,233.06049,57.574353881155105
380,2022-09-12 17:31:00,22290.58,22291.25,22262.59,22271.27,246.28549,51.97291791289918
381,2022-09-12 17:32:00,22271.27,22280.57,22263.5,22265.84,165.55067,50.485479384707155
382,2022-09-12 17:33:00,22265.84,22272.87,22256.56,22259.51,180.58827,48.73447675689322
383,2022-09-12 17:34:00,22259.51,22272.87,22250.0,22270.88,240.99388,51.957666310521724
384,2022-09-12 17:35:00,22271.44,22281.77,22248.06,22250.51,193.38466,46.336817515555666
385,2022-09-12 17:36:00,22250.51,22259.45,22244.57,22255.7,160.75307,47.88380215862787
386,2022-09-12 17:37:00,22256.86,22261.93,22242.21,22245.89,201.96725,45.22968855597602
387,2022-09-12 17:38:00,22247.52,22252.96,22230.0,22245.3,226.08897,45.06789328453089
388,2022-09-12 17:39:00,22246.19,22246.72,22225.0,22233.65,175.92233,41.88202036454971
389,2022-09-12 17:40:00,22233.65,22241.77,22230.48,22235.6,130.34033,42.61327062592264
390,2022-09-12 17:41:00,22234.44,22235.6,22215.44,22217.49,174.17943,37.85014928883857
391,2022-09-12 17:42:00,22217.49,22235.0,22212.46,22229.41,206.67129,42.41278057952057
392,2022-09-12 17:43:00,22229.41,22252.59,22227.99,22242.45,174.10834,46.9969646278001
393,2022-09-12 17:44:00,22243.25,22244.81,22219.48,22225.25,180.33653,42.22259146384529
394,2022-09-12 17:45:00,22226.43,22240.91,22223.51,22229.56,166.67871,43.76426505509381
395,2022-09-12 17:46:00,22229.56,22246.77,22224.68,22242.99,171.48157,48.38580741597893
396,2022-09-12 17:47:00,22242.99,22246.15,22235.34,22240.55,135.1457,47.620099115732536
397,2022-09-12 17:48:00,22240.55,22256.99,22229.83,22250.53,202.5642,51.033371618920434
398,2022-09-12 17:49:00,22250.54,22266.89,22245.88,22249.25,211.6013,50.57813913081885
399,2022-09-12 17:50:00,22249.25,22255.33,22240.2,22254.5,166.47885,52.451617783045556
400,2022-09-12 17:51:00,22254.51,22274.69,22251.34,22271.11,188.98846,57.89044563480943
401,2022-09-12 17:52:00,22270.94,22300.01,22260.45,22295.96,293.18035,64.44332475768331
402,2022-09-12 17:53:00,22295.96,22344.0,22293.34,22319.59,431.42434,69.33071652633355
403,2022-09-12 17:54:00,22319.59,22385.7,22318.24,22374.08,626.42751,77.13542801679662
404,2022-09-12 17:55:00,22374.08,22385.59,22336.2,22354.13,441.98895,70.10159728384075
405,2022-09-12 17:56:00,22354.13,22355.94,22313.82,22316.13,350.41605,59.05518103121836
406,2022-09-12 17:57:00,22315.7,22346.64,22315.01,22335.46,329.04996,62.30879796388815
407,2022-09-12 17:58:00,22333.6,22353.16,22327.78,22340.53,317.60402,63.13622192972461
408,2022-09-12 17:59:00,22339.29,22362.5,22331.22,22355.8,228.76228,65.58659133160837
409,2022-09-12 18:00:00,22355.8,22359.0,22313.3,22313.86,417.56955,54.81032808356905
410,2022-09-12 18:01:00,22313.86,22326.37,22302.1,22317.17,239.94593,55.43270525671169
411,2022-09-12 18:02:00,22317.17,22322.31,22306.04,22308.94,188.94973,53.46114853206798
412,2022-09-12 18:03:00,22308.94,22325.0,22303.09,22306.83,171.38604,52.94126646992729
413,2022-09-12 18:04:00,22306.83,22308.9,22281.91,22283.47,236.5193,47.44086699392934
414,2022-09-12 18:05:00,22281.92,22317.71,22270.0,22302.89,279.70653,51.91369673717878
415,2022-09-12 18:06:00,22301.52,22317.92,22301.44,22312.18,202.82235,53.93332844646716
416,2022-09-12 18:07:00,22314.48,22325.0,22304.19,22311.74,203.06811,53.81803615217472
417,2022-09-12 18:08:00,22311.74,22324.48,22306.08,22311.69,197.96443,53.80396079846781
418,2022-09-12 18:09:00,22311.69,22312.31,22290.16,22294.81,196.04327,49.132158689647895
419,2022-09-12 18:10:00,22294.81,22297.72,22279.47,22294.64,198.18753,49.08593246784597
420,2022-09-12 18:11:00,22294.64,22318.59,22282.54,22316.43,183.25466,54.938198920224615
421,2022-09-12 18:12:00,22316.43,22343.47,22315.95,22330.02,280.04181,58.16776569279298
422,2022-09-12 18:13:00,22331.84,22348.36,22326.6,22343.68,243.20775,61.179475008954164
423,2022-09-12 18:14:00,22343.68,22376.76,22342.84,22365.69,245.18213,65.49062481103618
424,2022-09-12 18:15:00,22367.21,22367.21,22342.0,22348.67,207.13929,59.946654953138314
425,2022-09-12 18:16:00,22347.64,22387.76,22342.61,22374.39,460.03806,64.79645877124499
426,2022-09-12 18:17:00,22374.39,22374.39,22312.75,22331.65,359.90064,53.25645675318194
427,2022-09-12 18:18:00,22333.59,22349.07,22319.48,22325.24,268.42364,51.76737363431426
428,2022-09-12 18:19:00,22323.46,22346.46,22317.73,22333.24,212.27988,53.51433135551839
429,2022-09-12 18:20:00,22334.75,22370.9,22329.74,22363.06,209.26241,59.41509658617182
430,2022-09-12 18:21:00,22361.38,22364.73,22332.15,22333.69,216.33053,52.364766994535074
431,2022-09-12 18:22:00,22332.36,22337.59,22308.0,22312.73,238.53922,47.98833384250764
432,2022-09-12 18:23:00,22312.73,22313.77,22289.13,22306.93,317.70791,46.822184440766165
433,2022-09-12 18:24:00,22306.33,22336.79,22302.01,22309.44,286.44278,47.417693762157974
434,2022-09-12 18:25:00,22309.44,22334.8,22306.1,22315.21,233.61959,48.836124960581664
435,2022-09-12 18:26:00,22313.88,22317.49,22291.23,22314.31,244.0717,48.6158334504816
436,2022-09-12 18:27:00,22312.39,22320.86,22297.29,22302.06,197.37112,45.60070132272039
437,2022-09-12 18:28:00,22302.06,22308.4,22288.24,22294.32,192.36948,43.75424775998626
438,2022-09-12 18:29:00,22295.37,22299.68,22286.77,22295.4,176.28134,44.094412708038725
439,2022-09-12 18:30:00,22293.91,22313.51,22281.29,22301.66,244.33992,46.12815960874153
440,2022-09-12 18:31:00,22302.99,22321.0,22300.0,22309.5,188.42153,48.647736928506276
441,2022-09-12 18:32:00,22309.5,22317.6,22286.84,22297.09,226.40376,45.05558334196983
442,2022-09-12 18:33:00,22298.8,22309.99,22294.39,22296.6,200.6941,44.91456084670084
443,2022-09-12 18:34:00,22296.6,22306.0,22275.75,22280.72,224.88536,40.491317918432834
444,2022-09-12 18:35:00,22280.73,22302.4,22278.16,22282.32,192.02649,41.120493649283496
445,2022-09-12 18:36:00,22283.94,22300.99,22280.98,22296.04,108.65449,46.35789937473998
446,2022-09-12 18:37:00,22294.85,22313.4,22284.26,22309.14,177.86966,50.85310925554328
447,2022-09-12 18:38:00,22308.74,22322.5,22296.23,22314.49,200.60882,52.60009297127931
448,2022-09-12 18:39:00,22312.56,22322.99,22308.3,22313.63,152.7753,52.27839788187465
449,2022-09-12 18:40:00,22312.76,22317.64,22291.32,22297.0,149.08208,46.372367579972426
450,2022-09-12 18:41:00,22297.0,22325.0,22293.55,22313.37,153.23637,52.10795491769014
451,2022-09-12 18:42:00,22314.18,22321.22,22305.8,22319.14,157.96672,53.97640553791544
452,2022-09-12 18:43:00,22319.9,22324.59,22310.0,22321.85,190.87765,54.867021346928546
453,2022-09-12 18:44:00,22321.85,22330.0,22317.5,22319.8,191.35603,54.01549617826652
454,2022-09-12 18:45:00,22321.46,22329.75,22310.12,22324.81,186.21539,55.82009005682359
455,2022-09-12 18:46:00,22324.81,22344.9,22322.49,22344.67,199.63674,62.159527584483435
456,2022-09-12 18:47:00,22343.44,22359.0,22333.35,22347.52,347.65837,62.980459653610374
457,2022-09-12 18:48:00,22347.52,22374.05,22346.99,22372.16,321.57522,69.20147313743553
458,2022-09-12 18:49:00,22373.91,22395.0,22368.93,22382.69,283.56091,71.41242737022667
459,2022-09-12 18:50:00,22382.69,22389.33,22366.48,22382.92,327.57212,71.46061976352988
460,2022-09-12 18:51:00,22382.92,22390.0,22371.49,22388.51,219.07841,72.6666620617327
461,2022-09-12 18:52:00,22385.34,22415.0,22382.36,22392.31,459.97776,73.48689108031758
462,2022-09-12 18:53:00,22390.82,22395.53,22370.0,22381.0,303.99639,67.0387834853714
463,2022-09-12 18:54:00,22381.87,22405.87,22381.0,22396.08,256.49732,70.72697470060237
464,2022-09-12 18:55:00,22396.09,22397.13,22380.67,22385.38,209.57703,65.15599355966594
465,2022-09-12 18:56:00,22384.02,22397.93,22375.65,22392.82,243.21425,67.09670024395106
466,2022-09-12 18:57:00,22392.82,22410.0,22389.18,22404.14,243.30305,69.84839598616175
467,2022-09-12 18:58:00,22404.14,22414.65,22393.63,22406.58,210.32009,70.42257770723866
468,2022-09-12 18:59:00,22406.58,22409.48,22391.19,22398.91,305.08105,66.15767251966726
469,2022-09-12 19:00:00,22397.23,22424.0,22391.38,22415.06,366.62905,70.24400571704392
470,2022-09-12 19:01:00,22415.06,22422.96,22405.01,22413.46,226.30798,69.35058540300895
471,2022-09-12 19:02:00,22414.1,22419.59,22383.72,22398.48,317.61813,61.46794425231692
472,2022-09-12 19:03:00,22398.48,22402.91,22385.0,22386.53,167.77174,55.99969775889125
473,2022-09-12 19:04:00,22386.53,22402.07,22384.14,22391.27,165.9366,57.61053781564571
474,2022-09-12 19:05:00,22391.27,22407.77,22382.59,22400.86,225.04346,60.74201809026343
475,2022-09-12 19:06:00,22399.2,22422.89,22396.24,22420.36,204.65157,66.20841350675097
476,2022-09-12 19:07:00,22421.97,22434.37,22416.17,22424.94,233.64567,67.35806068081767
477,2022-09-12 19:08:00,22426.55,22431.99,22414.49,22431.32,167.41147,68.94314841311102
478,2022-09-12 19:09:00,22431.32,22431.34,22412.84,22422.7,159.88491,64.3933745926047
479,2022-09-12 19:10:00,22420.97,22444.0,22415.88,22428.36,260.54771,65.98088141691538
480,2022-09-12 19:11:00,22428.36,22443.9,22428.36,22435.73,192.12853,67.98261546923999
481,2022-09-12 19:12:00,22435.73,22442.31,22429.19,22432.18,204.76441,65.96903495590946
482,2022-09-12 19:13:00,22431.09,22454.0,22428.0,22432.99,287.32526,66.2149229890332
483,2022-09-12 19:14:00,22434.15,22434.15,22378.13,22379.87,374.49054,43.84239263232142
484,2022-09-12 19:15:00,22379.87,22398.76,22369.5,22382.56,266.99573,44.85844739295036
485,2022-09-12 19:16:00,22382.56,22389.27,22356.77,22364.0,302.39949,39.54247471937351
486,2022-09-12 19:17:00,22365.01,22394.46,22363.81,22391.59,239.09361,49.183097745526425
487,2022-09-12 19:18:00,22390.08,22395.54,22377.21,22380.43,293.32194,45.98860333336617
488,2022-09-12 19:19:00,22379.45,22393.22,22378.66,22387.39,167.79948,48.24625912724235
489,2022-09-12 19:20:00,22388.7,22392.96,22378.44,22383.93,133.46026,47.190229854430584
490,2022-09-12 19:21:00,22382.96,22420.0,22381.42,22402.8,239.44174,53.20589853453572
491,2022-09-12 19:22:00,22402.79,22420.0,22399.39,22409.08,222.89268,55.041400414404784
492,2022-09-12 19:23:00,22409.08,22412.93,22393.13,22400.14,189.96142,51.91924411500195
493,2022-09-12 19:24:00,22400.14,22405.57,22384.33,22393.81,168.74067,49.76668658697378
494,2022-09-12 19:25:00,22393.81,22412.94,22387.99,22408.82,251.6473,54.57590353629629
495,2022-09-12 19:26:00,22407.85,22414.26,22396.43,22398.15,126.44737,50.84911818228731
496,2022-09-12 19:27:00,22399.36,22406.75,22387.42,22392.16,166.09754,48.83309829635574
497,2022-09-12 19:28:00,22392.16,22406.77,22390.95,22399.4,152.30928,51.34407974430002
498,2022-09-12 19:29:00,22399.92,22411.41,22394.63,22395.97,131.04433,50.08994224935196
499,2022-09-12 19:30:00,22395.07,22397.4,22383.01,22390.4,186.23691,48.037907921206184
500,2022-09-12 19:31:00,22389.96,22407.99,22387.21,22401.6,183.37571,52.27195109971451
501,2022-09-12 19:32:00,22401.64,22420.58,22400.54,22414.9,178.70016,56.77608278092767
502,2022-09-12 19:33:00,22413.8,22417.58,22391.23,22391.23,173.72375,48.07983904745331
503,2022-09-12 19:34:00,22391.23,22400.12,22380.0,22390.25,243.08408,47.75371267398148
504,2022-09-12 19:35:00,22390.25,22394.16,22381.15,22383.07,141.3147,45.32782414879903
505,2022-09-12 19:36:00,22383.07,22393.0,22381.0,22385.91,149.54149,46.48583082868937
506,2022-09-12 19:37:00,22385.91,22399.55,22382.64,22394.07,137.96896,49.777381608943834
507,2022-09-12 19:38:00,22393.72,22411.1,22392.75,22405.57,169.1538,54.06546715880031
508,2022-09-12 19:39:00,22405.57,22409.68,22391.22,22405.13,191.73247,53.875928250280204
509,2022-09-12 19:40:00,22406.54,22408.9,22396.09,22405.9,205.11592,54.178667591204444
510,2022-09-12 19:41:00,22405.9,22415.0,22400.12,22408.92,182.94378,55.41471096182586
511,2022-09-12 19:42:00,22408.45,22432.0,22408.32,22424.1,220.68386,61.09557629707238
512,2022-09-12 19:43:00,22424.1,22439.72,22423.28,22430.69,185.5522,63.282788525327994
513,2022-09-12 19:44:00,22430.11,22431.22,22415.94,22423.14,149.97434,59.17793233895118
514,2022-09-12 19:45:00,22423.15,22431.58,22417.3,22417.3,150.20806,56.1442626007424
515,2022-09-12 19:46:00,22417.3,22428.89,22406.66,22425.96,161.18798,59.46283723576542
516,2022-09-12 19:47:00,22426.6,22427.03,22403.16,22409.11,192.63583,51.32480871275834
517,2022-09-12 19:48:00,22409.11,22413.65,22397.73,22404.9,181.77951,49.50191051746535
518,2022-09-12 19:49:00,22404.99,22433.24,22404.35,22432.03,181.50923,59.48755152123155
519,2022-09-12 19:50:00,22432.03,22445.0,22417.46,22443.64,437.17173,62.871155621270866
520,2022-09-12 19:51:00,22443.64,22443.64,22425.16,22426.49,202.41485,55.49752685397152
521,2022-09-12 19:52:00,22426.49,22433.07,22420.26,22429.19,136.37835,56.36518233467418
522,2022-09-12 19:53:00,22429.19,22432.03,22421.22,22425.07,95.58204,54.615351614123384
523,2022-09-12 19:54:00,22424.26,22425.62,22401.0,22408.42,268.46174,48.114598246522945
524,2022-09-12 19:55:00,22408.42,22425.01,22400.16,22414.04,226.17781,50.266415941911916
525,2022-09-12 19:56:00,22414.04,22421.8,22407.92,22417.49,130.07543,51.59359816315402
526,2022-09-12 19:57:00,22417.49,22428.37,22410.15,22415.06,223.34715,50.56996277085053
527,2022-09-12 19:58:00,22416.34,22416.34,22399.99,22411.14,201.05457,48.88500276365782
528,2022-09-12 19:59:00,22411.14,22430.64,22404.52,22426.08,292.80735,55.0343255340858
529,2022-09-12 20:00:00,22428.25,22435.19,22388.06,22390.59,453.8488,42.08273763547768
530,2022-09-12 20:01:00,22390.59,22414.11,22386.01,22408.95,216.63219,48.79615030561992
531,2022-09-12 20:02:00,22408.95,22420.0,22407.64,22414.88,121.25818,50.7805922672928
532,2022-09-12 20:03:00,22414.88,22447.0,22414.83,22439.99,262.99475,58.17275835083178
533,2022-09-12 20:04:00,22438.92,22440.91,22424.0,22432.8,142.16459,55.597858980284265
534,2022-09-12 20:05:00,22432.8,22434.67,22388.48,22392.07,346.57735,43.77683353625645
535,2022-09-12 20:06:00,22392.47,22408.06,22380.0,22391.12,228.51402,43.54428046385476
536,2022-09-12 20:07:00,22391.11,22394.17,22371.56,22378.8,265.20478,40.53682469167681
537,2022-09-12 20:08:00,22380.62,22406.7,22378.81,22404.45,151.29949,48.51033471299503
538,2022-09-12 20:09:00,22403.25,22439.93,22394.1,22438.73,241.76202,56.839894866027585
539,2022-09-12 20:10:00,22437.65,22480.71,22435.72,22447.16,869.59953,58.613011371857894
540,2022-09-12 20:11:00,22445.24,22453.11,22396.0,22397.01,327.47745,46.40048877734039
541,2022-09-12 20:12:00,22398.69,22412.79,22391.55,22404.1,218.11132,48.04853403404966
542,2022-09-12 20:13:00,22402.55,22410.26,22368.35,22409.46,317.03684,49.31727082845427
543,2022-09-12 20:14:00,22409.46,22409.47,22389.48,22408.08,150.34699,48.98557431072853
544,2022-09-12 20:15:00,22408.08,22421.14,22390.0,22391.19,235.38605,44.99663726354709
545,2022-09-12 20:16:00,22391.18,22397.54,22372.91,22381.57,241.99747,42.85605804097238
546,2022-09-12 20:17:00,22381.57,22390.84,22375.07,22379.41,158.51255,42.368687117101345
547,2022-09-12 20:18:00,22379.94,22389.02,22375.0,22377.39,165.86283,41.888921768241474
548,2022-09-12 20:19:00,22376.11,22382.43,22363.11,22370.99,204.41646,40.33068738497018
549,2022-09-12 20:20:00,22370.98,22393.36,22370.92,22390.08,181.69793,46.69972336431073
550,2022-09-12 20:21:00,22388.54,22408.42,22385.09,22398.85,176.98397,49.373229822157626
551,2022-09-12 20:22:00,22397.28,22405.0,22391.97,22404.1,104.76547,50.95905390102907
552,2022-09-12 20:23:00,22404.1,22406.65,22384.12,22388.37,148.40521,46.28132867681092
553,2022-09-12 20:24:00,22387.11,22396.49,22381.78,22386.6,122.30069,45.772180515213776
554,2022-09-12 20:25:00,22386.6,22392.56,22381.0,22391.31,120.21029,47.4295242575654
555,2022-09-12 20:26:00,22392.54,22402.23,22387.27,22401.94,84.74712,51.06457795115321
556,2022-09-12 20:27:00,22401.94,22404.99,22388.85,22393.63,106.75285,48.255473138426694
557,2022-09-12 20:28:00,22392.29,22400.74,22387.24,22389.2,78.06219,46.778139695208395
558,2022-09-12 20:29:00,22389.2,22392.2,22385.01,22388.84,70.26,46.65314363566601
559,2022-09-12 20:30:00,22387.8,22392.18,22378.1,22391.85,149.20621,47.90653105814711
560,2022-09-12 20:31:00,22391.85,22407.03,22389.52,22404.23,122.70978,52.816773830679765
561,2022-09-12 20:32:00,22403.2,22406.36,22393.19,22396.21,162.16899,49.5578757663742
562,2022-09-12 20:33:00,22396.21,22399.74,22386.53,22397.75,102.08889,50.19337792601256
563,2022-09-12 20:34:00,22397.75,22398.16,22386.68,22388.89,122.51392,46.55903954508087
564,2022-09-12 20:35:00,22388.89,22399.72,22386.68,22390.33,114.59833,47.22784106581173
565,2022-09-12 20:36:00,22388.53,22396.29,22381.83,22391.49,110.33078,47.794626117975895
566,2022-09-12 20:37:00,22392.24,22410.06,22390.92,22407.08,446.6897,54.818083959084355
567,2022-09-12 20:38:00,22407.07,22423.03,22405.6,22419.56,172.65845,59.51374296132642
568,2022-09-12 20:39:00,22420.14,22425.51,22410.06,22423.82,116.91297,61.003571990872686
569,2022-09-12 20:40:00,22423.82,22448.99,22421.39,22443.87,279.20606,67.133694493244
570,2022-09-12 20:41:00,22443.87,22448.31,22430.51,22434.31,208.20349,62.11950748310824
571,2022-09-12 20:42:00,22434.31,22445.65,22417.74,22429.69,155.51461,59.795192331037015
572,2022-09-12 20:43:00,22428.77,22430.4,22417.75,22421.62,133.92125,55.86323045254434
573,2022-09-12 20:44:00,22422.86,22425.68,22411.0,22412.16,92.24448,51.58131829169318
574,2022-09-12 20:45:00,22412.16,22418.25,22400.0,22412.87,153.72097,51.879440460362204
575,2022-09-12 20:46:00,22411.43,22413.61,22397.35,22406.01,155.268,48.755820219379395
576,2022-09-12 20:47:00,22406.9,22432.79,22406.01,22431.27,134.29114,58.632594750056924
577,2022-09-12 20:48:00,22431.27,22449.0,22420.01,22447.65,263.62148,63.540005669347856
578,2022-09-12 20:49:00,22446.58,22447.82,22423.28,22431.94,157.08047,56.60430164472308
579,2022-09-12 20:50:00,22431.94,22443.16,22426.41,22437.75,121.19884,58.412279272338154
580,2022-09-12 20:51:00,22439.09,22439.19,22409.98,22412.83,140.23222,48.98536954932659
581,2022-09-12 20:52:00,22412.83,22414.17,22386.72,22397.96,208.09639,44.38253933086656
582,2022-09-12 20:53:00,22399.61,22416.93,22396.89,22402.7,101.88273,46.120477655814355
583,2022-09-12 20:54:00,22402.7,22414.67,22401.6,22405.84,114.20102,47.295396168809035
584,2022-09-12 20:55:00,22405.15,22406.7,22386.83,22393.01,179.49107,43.154522185481895
585,2022-09-12 20:56:00,22393.01,22394.37,22379.93,22382.84,104.1843,40.15345931940001
586,2022-09-12 20:57:00,22382.85,22394.63,22377.62,22392.84,130.47253,44.258268440327576
587,2022-09-12 20:58:00,22392.84,22410.78,22385.43,22404.79,159.73614,48.779438457651395
588,2022-09-12 20:59:00,22404.79,22411.09,22400.67,22402.97,116.71685,48.13903170905331
589,2022-09-12 21:00:00,22402.97,22404.59,22387.62,22395.04,138.38593,45.34558376104086
590,2022-09-12 21:01:00,22393.32,22402.02,22384.32,22385.16,88.0391,42.07003165551404
591,2022-09-12 21:02:00,22385.16,22387.63,22372.93,22374.31,101.13861,38.75888605137307
592,2022-09-12 21:03:00,22376.13,22382.56,22359.65,22367.25,209.72874,36.7329713926346
593,2022-09-12 21:04:00,22368.44,22390.0,22367.25,22387.68,129.44121,45.595068014594354
594,2022-09-12 21:05:00,22387.68,22387.68,22379.29,22380.2,45.38218,43.208644083297216
595,2022-09-12 21:06:00,22380.89,22382.15,22338.32,22352.02,326.18656,35.64038215517579
596,2022-09-12 21:07:00,22352.02,22356.48,22323.68,22347.8,245.82951,34.66128383327439
597,2022-09-12 21:08:00,22348.18,22361.22,22347.78,22351.28,109.1239,36.217384730206184
598,2022-09-12 21:09:00,22350.21,22357.31,22310.0,22317.92,265.87424,29.07004610942953
599,2022-09-12 21:10:00,22317.92,22321.22,22289.29,22308.38,342.84815,27.40450177089242
600,2022-09-12 21:11:00,22309.15,22329.86,22307.61,22325.18,215.10791,34.5194003867917
601,2022-09-12 21:12:00,22323.78,22325.97,22309.63,22321.53,142.69295,33.74557299509962
602,2022-09-12 21:13:00,22322.64,22351.22,22319.69,22344.71,183.72093,42.55307749877318
603,2022-09-12 21:14:00,22344.71,22353.0,22343.57,22345.59,86.97286,42.863608315471694
604,2022-09-12 21:15:00,22347.13,22347.27,22316.2,22319.69,130.56347,36.59388677446198
605,2022-09-12 21:16:00,22319.69,22331.22,22314.61,22324.7,132.0116,38.46878484489361
606,2022-09-12 21:17:00,22324.7,22327.02,22314.0,22314.02,71.07278,36.02338827053221
607,2022-09-12 21:18:00,22315.65,22315.65,22279.16,22280.22,211.12735,29.608520979105617
608,2022-09-12 21:19:00,22281.08,22299.43,22272.22,22296.88,176.18868,35.68763869177527
609,2022-09-12 21:20:00,22296.88,22301.22,22252.37,22260.57,228.94221,29.6729043025186
610,2022-09-12 21:21:00,22260.84,22288.98,22252.99,22287.13,98.68938,37.91557263643213
611,2022-09-12 21:22:00,22288.98,22299.76,22287.13,22295.83,123.17287,40.38052840336658
612,2022-09-12 21:23:00,22295.83,22301.22,22282.01,22289.66,87.62695,39.192093208525556
613,2022-09-12 21:24:00,22288.64,22322.98,22288.64,22311.74,133.57082,45.38653052649461
614,2022-09-12 21:25:00,22311.74,22312.57,22271.22,22278.51,205.03597,38.95491562920321
615,2022-09-12 21:26:00,22278.51,22285.24,22271.9,22282.49,112.90239,40.050673923312715
616,2022-09-12 21:27:00,22282.49,22283.33,22270.0,22280.44,54.86888,39.65582898615453
617,2022-09-12 21:28:00,22280.44,22287.27,22274.84,22282.26,66.07292,40.21931076074361
618,2022-09-12 21:29:00,22283.35,22289.8,22281.83,22285.34,30.65333,41.21963510438686
619,2022-09-12 21:30:00,22285.34,22303.08,22283.24,22301.4,54.26817,46.268443072713744
620,2022-09-12 21:31:00,22301.4,22321.5,22301.4,22314.42,63.18319,50.01671826478552
621,2022-09-12 21:32:00,22315.03,22326.89,22314.29,22321.14,80.51056,51.88244720182291
622,2022-09-12 21:33:00,22321.15,22329.17,22315.0,22329.05,61.51637,54.0563550061165
623,2022-09-12 21:34:00,22328.09,22355.17,22327.38,22344.01,163.76334,57.92779602246792
624,2022-09-12 21:35:00,22346.4,22346.4,22318.6,22327.89,127.81996,52.76796290751379
625,2022-09-12 21:36:00,22327.89,22334.68,22322.89,22326.02,86.66216,52.187233025366616
626,2022-09-12 21:37:00,22327.51,22332.83,22322.08,22324.49,78.42266,51.68603246400893
627,2022-09-12 21:38:00,22324.49,22334.61,22322.52,22322.52,88.1118,51.006774687745185
628,2022-09-12 21:39:00,22323.61,22337.64,22321.98,22323.84,88.28629,51.46702146562924
629,2022-09-12 21:40:00,22323.84,22343.01,22318.11,22341.8,106.89929,57.33921847738054
630,2022-09-12 21:41:00,22343.01,22380.0,22335.99,22372.23,221.01595,65.05425926254644
631,2022-09-12 21:42:00,22372.23,22410.0,22360.28,22398.33,340.29294,70.05621015355136
632,2022-09-12 21:43:00,22400.59,22429.0,22396.46,22426.45,332.68356,74.32087483486502
633,2022-09-12 21:44:00,22424.69,22428.84,22394.07,22394.84,153.66491,63.39133485185726
634,2022-09-12 21:45:00,22395.96,22410.18,22386.25,22402.28,105.8702,64.70690478976059
635,2022-09-12 21:46:00,22402.28,22406.91,22376.68,22382.0,140.52676,58.53234925542144
636,2022-09-12 21:47:00,22382.0,22383.77,22360.0,22370.37,97.47442,55.27488704557749
637,2022-09-12 21:48:00,22370.37,22372.21,22353.34,22354.04,81.84774,50.98435168671494
638,2022-09-12 21:49:00,22355.64,22374.33,22347.65,22348.22,99.62006,49.509350618190446
639,2022-09-12 21:50:00,22348.22,22350.26,22300.0,22307.26,155.8919,40.605767724268674
640,2022-09-12 21:51:00,22309.35,22337.05,22299.48,22335.67,162.8266,47.63937859394661
641,2022-09-12 21:52:00,22335.67,22345.73,22327.35,22339.49,110.41317,48.52211606743595
642,2022-09-12 21:53:00,22340.04,22344.89,22308.65,22315.59,108.15002,43.572633469204796
643,2022-09-12 21:54:00,22314.75,22336.57,22313.65,22332.31,93.14487,47.59959747666298
644,2022-09-12 21:55:00,22332.66,22347.98,22331.22,22343.35,100.37098,50.130306138906334
645,2022-09-12 21:56:00,22344.99,22350.25,22338.54,22348.56,166.24177,51.32502735998151
646,2022-09-12 21:57:00,22348.56,22366.73,22347.34,22359.63,92.83663,53.85463156463957
647,2022-09-12 21:58:00,22360.6,22361.86,22353.68,22356.28,76.8518,52.95770297506455
648,2022-09-12 21:59:00,22357.29,22357.68,22329.82,22337.28,118.53793,48.06798099869602
649,2022-09-12 22:00:00,22337.28,22349.89,22323.33,22343.95,139.30368,49.81962499850914
650,2022-09-12 22:01:00,22345.71,22366.14,22342.31,22360.26,92.08648,53.91317620561304
651,2022-09-12 22:02:00,22360.26,22361.21,22337.69,22338.99,109.39049,48.371351791541635
652,2022-09-12 22:03:00,22337.8,22338.99,22307.1,22316.26,171.04314,43.25446912315634
653,2022-09-12 22:04:00,22316.97,22352.88,22315.7,22333.42,125.95715,47.748333025296304
654,2022-09-12 22:05:00,22332.92,22345.91,22331.27,22339.26,109.12239,49.22214753746499
655,2022-09-12 22:06:00,22340.07,22380.0,22337.94,22350.05,210.34306,51.92048367290945
656,2022-09-12 22:07:00,22350.05,22355.91,22337.78,22342.3,123.37897,49.870590759795626
657,2022-09-12 22:08:00,22342.3,22343.33,22306.12,22323.04,156.41527,45.10460647298925
658,2022-09-12 22:09:00,22324.05,22332.53,22321.24,22329.0,103.05578,46.7989556322236
659,2022-09-12 22:10:00,22330.22,22355.72,22325.09,22352.13,123.5928,52.87762145958696
660,2022-09-12 22:11:00,22350.54,22352.13,22332.42,22335.64,89.41669,48.61309251180723
661,2022-09-12 22:12:00,22335.11,22352.51,22334.0,22341.18,120.37055,50.07000827371117
662,2022-09-12 22:13:00,22342.34,22347.12,22328.24,22333.81,146.11553,48.11562171161935
663,2022-09-12 22:14:00,22333.81,22351.14,22333.81,22341.55,132.826,50.30926680850396
664,2022-09-12 22:15:00,22341.55,22373.0,22341.54,22359.19,192.26048,54.98090122087454
665,2022-09-12 22:16:00,22360.92,22377.06,22359.18,22369.48,181.46419,57.491463910653806
666,2022-09-12 22:17:00,22369.48,22378.38,22353.74,22363.51,233.88232,55.555725203137825
667,2022-09-12 22:18:00,22363.51,22367.1,22349.04,22364.01,198.63749,55.69028727274748
668,2022-09-12 22:19:00,22364.7,22373.9,22353.18,22371.41,152.6209,57.73007381499614
669,2022-09-12 22:20:00,22372.64,22388.87,22366.77,22378.57,262.93937,59.66487005244658
670,2022-09-12 22:21:00,22380.15,22395.0,22378.43,22390.83,211.9474,62.804352099635
671,2022-09-12 22:22:00,22390.83,22405.29,22388.72,22393.59,168.43777,63.493244005152306
672,2022-09-12 22:23:00,22393.59,22396.91,22343.39,22349.08,303.58274,48.04065996012289
673,2022-09-12 22:24:00,22349.08,22356.35,22313.38,22321.95,270.41272,41.42316315965365
674,2022-09-12 22:25:00,22321.95,22325.11,22305.0,22310.73,240.1255,39.02876001024113
675,2022-09-12 22:26:00,22309.26,22323.02,22304.13,22311.0,161.05783,39.11995784990083
676,2022-09-12 22:27:00,22311.0,22311.0,22290.0,22301.72,233.76864,37.067735226850814
677,2022-09-12 22:28:00,22300.52,22312.6,22283.93,22286.37,217.92819,33.89985321853485
678,2022-09-12 22:29:00,22287.68,22315.0,22286.31,22307.36,188.42882,41.288801598094764
679,2022-09-12 22:30:00,22309.23,22310.54,22280.8,22284.02,226.73914,36.41434896098073
680,2022-09-12 22:31:00,22284.02,22289.43,22273.8,22274.03,152.3557,34.53502081048499
681,2022-09-12 22:32:00,22274.03,22288.78,22259.44,22284.46,281.9213,38.12544422055798
682,2022-09-12 22:33:00,22284.31,22300.0,22273.68,22294.93,222.51496,41.58866984054756
683,2022-09-12 22:34:00,22294.93,22297.35,22284.48,22290.26,126.03935,40.49979881947257
684,2022-09-12 22:35:00,22290.26,22299.01,22283.42,22290.62,118.0497,40.628845609558454
685,2022-09-12 22:36:00,22289.61,22290.62,22273.84,22286.44,180.59495,39.55609048399484
686,2022-09-12 22:37:00,22283.82,22290.32,22260.96,22290.29,157.3158,41.09871426257583
687,2022-09-12 22:38:00,22289.08,22322.97,22288.81,22305.01,254.39802,46.6997516444259
688,2022-09-12 22:39:00,22305.67,22330.0,22285.72,22322.67,242.75046,52.5317152819023
689,2022-09-12 22:40:00,22322.67,22345.73,22316.6,22335.03,300.23782,56.1481909235311
690,2022-09-12 22:41:00,22335.03,22340.0,22314.36,22321.84,211.34549,51.627793888374484
691,2022-09-12 22:42:00,22320.95,22332.2,22316.81,22326.67,145.51301,53.11629697089364
692,2022-09-12 22:43:00,22325.93,22329.18,22314.15,22326.0,143.28924,52.87324331918705
693,2022-09-12 22:44:00,22326.0,22370.0,22322.04,22368.08,271.93242,64.0116272175015
694,2022-09-12 22:45:00,22369.68,22385.62,22363.24,22366.07,271.25614,63.242726572604305
695,2022-09-12 22:46:00,22366.07,22382.0,22361.79,22371.23,178.49914,64.42414839940666
696,2022-09-12 22:47:00,22372.26,22382.12,22363.61,22365.42,196.84299,62.00748088881093
697,2022-09-12 22:48:00,22365.42,22366.69,22329.5,22335.93,224.25183,51.45652123016365
698,2022-09-12 22:49:00,22334.61,22336.55,22315.16,22321.0,161.07196,47.08806087087347
699,2022-09-12 22:50:00,22320.97,22322.11,22303.11,22304.5,176.52597,42.76686264726594
700,2022-09-12 22:51:00,22304.5,22337.63,22303.09,22332.27,182.01142,50.92885515772282
701,2022-09-12 22:52:00,22332.27,22334.47,22322.31,22326.41,131.22377,49.33015314409597
702,2022-09-12 22:53:00,22325.33,22332.26,22320.64,22326.1,94.74367,49.24209108083682
703,2022-09-12 22:54:00,22324.56,22334.5,22318.71,22323.8,128.50263,48.54960205882162
704,2022-09-12 22:55:00,22323.57,22332.09,22292.42,22298.07,298.21182,41.51585113191334
705,2022-09-12 22:56:00,22298.07,22298.07,22278.5,22280.08,221.83896,37.432419652712895
706,2022-09-12 22:57:00,22280.08,22305.51,22279.61,22302.89,137.17308,44.84057171011987
707,2022-09-12 22:58:00,22302.15,22324.57,22298.2,22322.44,168.25995,50.274860318653744
708,2022-09-12 22:59:00,22323.35,22330.0,22308.82,22323.5,188.6009,50.559274707105175
709,2022-09-12 23:00:00,22323.5,22342.91,22314.0,22319.57,217.64981,49.43041193780694
710,2022-09-12 23:01:00,22319.57,22327.36,22314.01,22317.52,159.21068,48.818107721258414
711,2022-09-12 23:02:00,22317.52,22329.34,22315.92,22316.84,133.20802,48.603039528661114
712,2022-09-12 23:03:00,22316.84,22339.32,22311.13,22337.25,204.08332,55.009715493632186
713,2022-09-12 23:04:00,22337.25,22365.35,22336.21,22347.09,249.32169,57.744454069258566
714,2022-09-12 23:05:00,22347.09,22373.57,22346.21,22358.64,182.55628,60.75955961227892
715,2022-09-12 23:06:00,22358.64,22370.88,22350.0,22362.91,144.39721,61.84353035854272
716,2022-09-12 23:07:00,22364.13,22366.36,22350.49,22363.02,124.85261,61.87274958197838
717,2022-09-12 23:08:00,22363.02,22380.39,22359.79,22380.0,168.30169,66.17827292923045
718,2022-09-12 23:09:00,22380.0,22397.19,22378.25,22391.17,224.85977,68.68358949250984
719,2022-09-12 23:10:00,22392.41,22392.77,22364.78,22369.74,171.31852,59.56711216583261
720,2022-09-12 23:11:00,22369.74,22369.74,22334.12,22335.0,196.25831,48.360859513508316
721,2022-09-12 23:12:00,22335.0,22360.91,22334.52,22352.98,158.50072,53.26170781458715
722,2022-09-12 23:13:00,22352.98,22356.33,22345.8,22347.64,109.46173,51.69258562649719
723,2022-09-12 23:14:00,22348.26,22367.7,22347.33,22357.2,150.40762,54.28894179986072
724,2022-09-12 23:15:00,22358.82,22365.36,22345.17,22363.56,119.9338,55.983850961290884
725,2022-09-12 23:16:00,22363.56,22380.02,22360.16,22376.25,108.07953,59.23198475882927
726,2022-09-12 23:17:00,22377.06,22390.57,22368.41,22382.35,187.31325,60.732059463847406
727,2022-09-12 23:18:00,22382.06,22388.96,22358.22,22377.12,203.55393,58.73653000953084
728,2022-09-12 23:19:00,22375.45,22377.12,22336.53,22343.7,179.69534,47.90458073768193
729,2022-09-12 23:20:00,22343.7,22354.48,22342.46,22350.07,109.92973,49.80469239156008
730,2022-09-12 23:21:00,22350.15,22359.0,22325.0,22326.86,206.12668,43.56908937472474
731,2022-09-12 23:22:00,22326.86,22345.1,22325.44,22340.28,173.60881,47.65026027965026
732,2022-09-12 23:23:00,22340.29,22369.73,22340.29,22365.21,160.48125,54.2671039412163
733,2022-09-12 23:24:00,22365.21,22370.6,22358.88,22366.41,117.98977,54.56479956196824
734,2022-09-12 23:25:00,22366.41,22393.6,22363.79,22390.5,155.3119,60.17003550748693
735,2022-09-12 23:26:00,22390.48,22397.72,22378.0,22381.94,177.97522,57.45753344728013
736,2022-09-12 23:27:00,22381.94,22387.11,22375.82,22378.86,123.78911,56.47107789504051
737,2022-09-12 23:28:00,22379.42,22384.79,22366.93,22371.39,122.73378,54.04748002898804
738,2022-09-12 23:29:00,22370.49,22373.23,22340.64,22340.87,160.65031,45.462547892938275
739,2022-09-12 23:30:00,22342.17,22354.69,22339.15,22354.69,146.83701,49.3832502033669
740,2022-09-12 23:31:00,22353.31,22382.16,22351.69,22379.5,183.49254,55.55983104474132
741,2022-09-12 23:32:00,22380.21,22382.52,22362.19,22373.94,120.54304,53.970398111075845
742,2022-09-12 23:33:00,22373.94,22381.22,22364.61,22371.51,101.39054,53.2533563641577
743,2022-09-12 23:34:00,22370.43,22382.0,22363.5,22372.48,188.40029,53.518826728464205
744,2022-09-12 23:35:00,22373.6,22373.99,22349.92,22351.21,143.1916,47.19034921095675
745,2022-09-12 23:36:00,22351.21,22355.18,22344.43,22348.07,124.42768,46.31957793899864
746,2022-09-12 23:37:00,22348.07,22357.17,22329.18,22332.94,169.98057,42.27197924208002
747,2022-09-12 23:38:00,22332.94,22342.06,22324.0,22333.83,198.74638,42.589782109303606
748,2022-09-12 23:39:00,22333.83,22335.08,22319.67,22324.04,150.95029,39.98232847399243
749,2022-09-12 23:40:00,22322.99,22334.82,22315.01,22327.82,162.11572,41.47226138096483
750,2022-09-12 23:41:00,22326.67,22330.13,22312.73,22323.79,137.67303,40.32294976962174
751,2022-09-12 23:42:00,22322.06,22332.59,22321.21,22325.86,115.13615,41.223961349143146
752,2022-09-12 23:43:00,22325.86,22339.93,22324.67,22334.63,137.59234,45.01192229800503
753,2022-09-12 23:44:00,22334.03,22355.78,22333.85,22350.01,192.56323,50.978596775602746
754,2022-09-12 23:45:00,22350.77,22358.93,22336.77,22344.3,187.14347,48.858908377056245
755,2022-09-12 23:46:00,22345.79,22354.5,22327.43,22336.59,227.32764,46.073201052980515
756,2022-09-12 23:47:00,22337.56,22338.44,22324.57,22329.9,111.08888,43.742677418942385
757,2022-09-12 23:48:00,22330.79,22340.89,22322.25,22336.63,86.44325,46.66540128670156
758,2022-09-12 23:49:00,22335.7,22348.54,22330.89,22340.59,99.21967,48.365270234198576
759,2022-09-12 23:50:00,22340.59,22350.24,22335.31,22338.36,116.74379,47.448162890434006
760,2022-09-12 23:51:00,22339.47,22374.22,22334.29,22369.54,292.98762,59.120295884479646
761,2022-09-12 23:52:00,22370.94,22372.16,22360.9,22365.99,176.67447,57.55294300312897
762,2022-09-12 23:53:00,22365.99,22389.97,22362.39,22385.18,191.7004,63.228096409438336
763,2022-09-12 23:54:00,22384.63,22400.0,22366.13,22397.37,186.83974,66.30951499970682
764,2022-09-12 23:55:00,22395.68,22400.0,22375.28,22378.77,206.65174,58.283919658343976
765,2022-09-12 23:56:00,22378.77,22381.89,22357.15,22364.08,128.81311,52.84402112229763
766,2022-09-12 23:57:00,22364.0,22398.29,22363.06,22394.32,159.80289,60.92841943965569
767,2022-09-12 23:58:00,22393.33,22400.0,22384.1,22388.22,171.62067,58.740742922636514
768,2022-09-12 23:59:00,22389.36,22404.0,22386.43,22395.74,167.21642,60.618040843988474
769,2022-09-13 00:00:00,22395.44,22410.86,22382.93,22408.17,358.30559,63.56873388074851
770,2022-09-13 00:01:00,22409.41,22412.89,22377.55,22380.4,197.35123,53.8596230540845
771,2022-09-13 00:02:00,22380.37,22380.4,22338.73,22371.6,340.36196,51.19138687645428
772,2022-09-13 00:03:00,22372.46,22382.05,22352.81,22370.54,263.45833,50.86451037318598
773,2022-09-13 00:04:00,22370.43,22372.31,22351.74,22369.97,220.65892,50.67711779405577
774,2022-09-13 00:05:00,22369.97,22382.15,22349.4,22371.96,231.81511,51.35098523586612
775,2022-09-13 00:06:00,22371.96,22372.55,22352.39,22360.11,163.26866,47.21432572042554
776,2022-09-13 00:07:00,22358.85,22389.37,22358.59,22382.22,208.46158,54.56819728815518
777,2022-09-13 00:08:00,22382.98,22419.53,22382.22,22411.71,335.0773,62.14366202426495
778,2022-09-13 00:09:00,22411.71,22445.86,22410.5,22430.95,374.08022,66.11364910386213
779,2022-09-13 00:10:00,22430.95,22434.36,22385.75,22388.86,246.87083,53.015452447961295
780,2022-09-13 00:11:00,22389.74,22391.26,22353.75,22380.46,347.91718,50.85024997676566
781,2022-09-13 00:12:00,22379.21,22398.41,22367.43,22384.11,202.97968,51.771959179187846
782,2022-09-13 00:13:00,22385.42,22405.44,22384.14,22392.88,200.21884,54.00391155136205
783,2022-09-13 00:14:00,22393.98,22405.0,22385.57,22395.94,154.29909,54.79009770020672
784,2022-09-13 00:15:00,22395.77,22405.87,22379.08,22380.9,216.42474,50.24437413709732
785,2022-09-13 00:16:00,22382.11,22393.75,22349.93,22359.92,272.67434,44.676123669352265
786,2022-09-13 00:17:00,22359.92,22359.92,22313.0,22325.79,318.69449,37.41235708515164
787,2022-09-13 00:18:00,22325.79,22334.94,22297.31,22298.24,364.26703,32.779408259124715
788,2022-09-13 00:19:00,22299.24,22331.21,22297.87,22321.05,317.87476,39.463579055845734
789,2022-09-13 00:20:00,22319.84,22345.86,22314.34,22326.09,279.12708,40.86283022320439
790,2022-09-13 00:21:00,22326.09,22326.09,22266.36,22274.77,402.27756,32.59987094485888
791,2022-09-13 00:22:00,22274.77,22283.04,22142.36,22196.02,990.79797,24.434735270167486
792,2022-09-13 00:23:00,22195.71,22201.42,22153.99,22168.23,489.91567,22.3110497897848
793,2022-09-13 00:24:00,22170.03,22200.49,22151.77,22151.77,368.73662,21.139135756276207
794,2022-09-13 00:25:00,22151.77,22190.0,22147.62,22171.66,382.02587,26.184722118791626
795,2022-09-13 00:26:00,22173.29,22205.0,22171.05,22196.31,319.48061,31.99205335955529
796,2022-09-13 00:27:00,22196.09,22205.0,22122.53,22152.9,500.71202,27.838384140863525
797,2022-09-13 00:28:00,22152.9,22176.67,22132.65,22132.8,311.61685,26.145681345368484
798,2022-09-13 00:29:00,22133.61,22153.3,22124.86,22147.25,354.69887,29.466086957250276
799,2022-09-13 00:30:00,22148.41,22177.44,22127.66,22159.54,295.67427,32.255778703448385
800,2022-09-13 00:31:00,22159.54,22161.55,22112.83,22115.38,288.93155,27.974423591635666
801,2022-09-13 00:32:00,22117.52,22172.15,22112.86,22156.2,252.70494,36.380487310733145
802,2022-09-13 00:33:00,22156.2,22171.14,22115.58,22123.02,287.91384,33.008261479311415
803,2022-09-13 00:34:00,22124.52,22155.0,22120.01,22133.68,243.48875,35.08999570719987
804,2022-09-13 00:35:00,22132.77,22170.0,22123.42,22158.73,246.8202,39.82232187935983
805,2022-09-13 00:36:00,22158.73,22172.76,22123.7,22130.59,248.41493,36.59470260038642
806,2022-09-13 00:37:00,22130.59,22147.74,22106.66,22113.07,222.734,34.70850856605257
807,2022-09-13 00:38:00,22114.61,22142.89,22111.92,22126.76,208.77851,37.42269113437523
808,2022-09-13 00:39:00,22127.97,22164.28,22125.72,22156.79,207.11948,43.01838315295645
809,2022-09-13 00:40:00,22158.28,22191.88,22155.26,22189.85,229.77206,48.48027001133349
810,2022-09-13 00:41:00,22189.84,22221.66,22180.0,22211.2,259.08786,51.700106502799926
811,2022-09-13 00:42:00,22210.44,22240.68,22207.77,22226.71,203.41961,53.95161329295064
812,2022-09-13 00:43:00,22228.06,22243.54,22207.02,22212.1,143.51852,51.51555020075818
813,2022-09-13 00:44:00,22212.05,22220.0,22171.77,22208.55,179.19398,50.913983217976835
814,2022-09-13 00:45:00,22208.55,22239.64,22204.34,22233.58,156.44095,54.91182401645678
815,2022-09-13 00:46:00,22233.63,22253.46,22221.5,22251.25,191.68459,57.54087567961395
816,2022-09-13 00:47:00,22251.25,22268.72,22238.4,22253.7,278.33242,57.90736120351136
817,2022-09-13 00:48:00,22253.7,22262.48,22241.24,22255.7,167.98699,58.22435991671339
818,2022-09-13 00:49:00,22254.86,22260.99,22241.22,22253.21,218.51417,57.64232787630236
819,2022-09-13 00:50:00,22253.21,22279.93,22231.9,22236.8,312.76381,53.82368113395487
820,2022-09-13 00:51:00,22236.16,22248.92,22204.87,22243.15,292.0088,55.064219193400675
821,2022-09-13 00:52:00,22244.03,22245.0,22224.68,22239.42,188.07564,54.14406328522459
822,2022-09-13 00:53:00,22239.42,22245.81,22224.48,22231.91,164.06841,52.25084352708399
823,2022-09-13 00:54:00,22231.91,22247.87,22225.0,22246.85,209.62073,55.57850185979137
824,2022-09-13 00:55:00,22245.28,22254.44,22201.22,22216.27,253.79597,48.17752454237255
825,2022-09-13 00:56:00,22215.39,22226.57,22207.49,22224.34,194.07684,50.067207007649905
826,2022-09-13 00:57:00,22224.34,22231.22,22205.06,22215.09,251.31745,47.91067527948501
827,2022-09-13 00:58:00,22215.62,22236.24,22214.21,22230.79,196.98322,51.71240035626814
828,2022-09-13 00:59:00,22230.79,22232.55,22211.61,22213.49,156.67126,47.59062321554952
829,2022-09-13 01:00:00,22213.49,22226.2,22207.8,22218.38,182.03302,48.83208950417458
830,2022-09-13 01:01:00,22219.22,22223.23,22191.22,22192.39,238.07812,43.001746162336495
831,2022-09-13 01:02:00,22192.5,22213.02,22184.87,22207.7,201.91213,47.01498905790281
832,2022-09-13 01:03:00,22206.9,22229.64,22206.9,22211.85,280.20444,48.08209766044717
833,2022-09-13 01:04:00,22211.85,22223.8,22208.58,22220.16,183.14364,50.24305842017005
834,2022-09-13 01:05:00,22220.16,22241.21,22217.64,22237.96,229.75485,54.601899977526614
835,2022-09-13 01:06:00,22236.73,22267.07,22231.2,22251.47,288.55281,57.63537746677777
836,2022-09-13 01:07:00,22251.48,22259.03,22241.98,22252.16,200.20394,57.79050599430315
837,2022-09-13 01:08:00,22253.21,22267.02,22240.44,22263.1,198.25585,60.27428507708509
838,2022-09-13 01:09:00,22262.06,22289.89,22254.92,22283.2,262.44611,64.41720292927788
839,2022-09-13 01:10:00,22283.2,22284.83,22260.58,22264.25,210.77543,58.249484656129304
840,2022-09-13 01:11:00,22264.25,22284.99,22263.01,22279.04,164.09128,61.35914552877837
841,2022-09-13 01:12:00,22279.75,22280.9,22266.12,22266.3,181.11724,57.39362005210945
842,2022-09-13 01:13:00,22266.91,22288.55,22264.48,22280.8,198.26418,60.520934577661535
843,2022-09-13 01:14:00,22280.8,22285.51,22269.19,22270.72,159.51895,57.36848932429085
844,2022-09-13 01:15:00,22270.33,22276.69,22255.4,22264.27,230.78573,55.38063866994817
845,2022-09-13 01:16:00,22264.27,22269.02,22257.78,22263.5,306.98291,55.13502439493716
846,2022-09-13 01:17:00,22263.66,22273.11,22250.0,22270.21,208.59501,56.92773359429619
847,2022-09-13 01:18:00,22271.32,22282.83,22261.23,22280.19,177.70774,59.5186315077248
848,2022-09-13 01:19:00,22280.28,22284.31,22254.43,22255.49,267.35628,51.2947541537031
849,2022-09-13 01:20:00,22255.23,22271.22,22249.23,22254.14,275.91551,50.88094475245158
850,2022-09-13 01:21:00,22254.14,22266.06,22246.89,22248.28,168.94323,49.031870330328886
851,2022-09-13 01:22:00,22247.41,22253.42,22227.27,22247.15,249.02482,48.66460667455476
852,2022-09-13 01:23:00,22247.68,22247.68,22218.45,22237.18,213.188,45.43123635754566
853,2022-09-13 01:24:00,22236.42,22250.54,22226.28,22247.61,191.61886,49.231472875892145
854,2022-09-13 01:25:00,22247.61,22265.2,22244.29,22258.3,179.019,52.85537747224345
855,2022-09-13 01:26:00,22258.3,22260.27,22241.47,22254.31,188.97207,51.381145426540954
856,2022-09-13 01:27:00,22253.19,22266.08,22244.02,22245.21,147.23665,48.08689519116626
857,2022-09-13 01:28:00,22245.37,22250.15,22233.27,22235.31,151.88795,44.72717752605816
858,2022-09-13 01:29:00,22235.31,22242.94,22227.85,22240.87,142.2782,46.968152879826874
859,2022-09-13 01:30:00,22240.87,22244.99,22224.36,22227.29,177.7725,42.44198378495848
860,2022-09-13 01:31:00,22226.0,22228.21,22201.46,22214.39,213.0775,38.633389349257165
861,2022-09-13 01:32:00,22214.96,22215.44,22203.45,22210.46,166.61192,37.528502481364086
862,2022-09-13 01:33:00,22210.46,22219.65,22204.36,22209.85,228.40745,37.34994954842116
863,2022-09-13 01:34:00,22209.21,22217.09,22178.57,22187.3,298.78265,31.402032457010105
864,2022-09-13 01:35:00,22187.92,22197.36,22167.16,22181.26,230.27109,30.022910253618555
865,2022-09-13 01:36:00,22181.8,22191.09,22168.54,22171.37,185.63627,27.86493221957394
866,2022-09-13 01:37:00,22171.37,22197.92,22151.63,22194.1,386.23577,38.75972962258057
867,2022-09-13 01:38:00,22194.96,22215.53,22189.77,22211.01,295.92731,45.37018393431163
868,2022-09-13 01:39:00,22210.4,22213.55,22192.64,22195.52,196.65486,41.003900965268755
869,2022-09-13 01:40:00,22195.49,22200.5,22186.19,22188.76,204.51636,39.2295691575504
870,2022-09-13 01:41:00,22188.76,22208.54,22177.01,22197.83,260.91804,42.805655713284466
871,2022-09-13 01:42:00,22197.15,22197.9,22178.04,22181.93,181.55688,38.52568678010137
872,2022-09-13 01:43:00,22181.93,22206.42,22180.77,22206.42,159.95417,47.270826814553885
873,2022-09-13 01:44:00,22206.42,22211.99,22200.71,22205.75,162.43535,47.073529784224576
874,2022-09-13 01:45:00,22204.96,22208.83,22186.12,22191.02,185.24116,42.840116923857444
875,2022-09-13 01:46:00,22189.88,22195.43,22183.22,22191.1,171.45253,42.87016721861704
876,2022-09-13 01:47:00,22191.1,22195.1,22169.39,22174.73,161.17447,38.419248660277745
877,2022-09-13 01:48:00,22174.72,22195.55,22171.75,22191.18,193.9024,44.63935124505034
878,2022-09-13 01:49:00,22191.18,22207.7,22187.95,22202.26,157.79282,48.418589882509735
879,2022-09-13 01:50:00,22201.47,22214.29,22198.35,22209.57,189.34654,50.80469253917178
880,2022-09-13 01:51:00,22208.67,22228.42,22191.35,22222.89,265.46513,54.89876806152416
881,2022-09-13 01:52:00,22222.89,22255.51,22214.43,22241.9,302.34297,60.0133461018859
882,2022-09-13 01:53:00,22242.51,22247.0,22226.99,22240.93,249.95024,59.64168627558303
883,2022-09-13 01:54:00,22240.02,22251.22,22230.04,22250.13,220.61014,62.04269596474844
884,2022-09-13 01:55:00,22250.82,22264.89,22241.05,22246.29,276.57971,60.42678122589251
885,2022-09-13 01:56:00,22244.98,22247.01,22232.23,22242.36,226.43521,58.74057011078834
886,2022-09-13 01:57:00,22242.19,22244.26,22224.71,22228.41,143.60355,53.078591586610635
887,2022-09-13 01:58:00,22229.65,22245.0,22228.12,22238.53,123.71197,56.36453905891506
888,2022-09-13 01:59:00,22239.28,22241.22,22226.73,22237.35,178.04393,55.87320223082997
889,2022-09-13 02:00:00,22236.79,22238.61,22219.11,22220.38,226.32209,49.22716591649775
890,2022-09-13 02:01:00,22221.08,22231.47,22213.12,22230.32,232.36764,52.77087659892701
891,2022-09-13 02:02:00,22230.32,22234.46,22215.89,22217.53,131.70713,48.11720153132704
892,2022-09-13 02:03:00,22218.27,22220.0,22207.71,22210.18,162.80401,45.62705086611064
893,2022-09-13 02:04:00,22210.18,22222.91,22210.16,22215.45,137.33921,47.71634304974628
894,2022-09-13 02:05:00,22215.58,22217.27,22200.01,22207.13,201.63267,44.7901928359925
895,2022-09-13 02:06:00,22207.13,22211.94,22198.3,22199.59,158.1753,42.26089013460058
896,2022-09-13 02:07:00,22198.78,22199.69,22190.66,22193.15,119.31145,40.174170973141074
897,2022-09-13 02:08:00,22192.36,22210.69,22186.3,22206.04,159.79295,45.92910866432907
898,2022-09-13 02:09:00,22206.04,22208.27,22180.57,22181.72,191.29392,38.41976556571859
899,2022-09-13 02:10:00,22181.72,22191.71,22156.96,22160.66,219.94196,33.33679845807991
900,2022-09-13 02:11:00,22160.66,22174.08,22157.0,22166.73,184.0362,35.966374231979316
901,2022-09-13 02:12:00,22166.73,22168.45,22095.0,22105.41,633.13693,25.166468955537454
902,2022-09-13 02:13:00,22105.41,22105.68,22055.35,22082.94,444.86169,22.500247645073852
903,2022-09-13 02:14:00,22082.94,22108.28,22054.07,22072.12,429.17039,21.328476966837346
904,2022-09-13 02:15:00,22074.87,22122.25,22068.24,22113.53,360.89924,35.23077729804035
905,2022-09-13 02:16:00,22112.55,22126.81,22094.69,22115.57,282.78041,35.83235925283325
906,2022-09-13 02:17:00,22116.14,22132.61,22111.14,22126.94,266.04192,39.22077176882189
907,2022-09-13 02:18:00,22128.17,22147.13,22115.41,22123.74,287.28639,38.60293363145893
908,2022-09-13 02:19:00,22124.44,22134.12,22114.25,22127.01,254.17129,39.64915690428482
909,2022-09-13 02:20:00,22126.08,22130.93,22112.97,22115.07,210.3991,37.15924009214683
910,2022-09-13 02:21:00,22116.14,22119.16,22103.49,22107.97,184.51315,35.72264876747022
911,2022-09-13 02:22:00,22109.11,22160.0,22107.68,22147.77,369.59571,47.88547735539958
912,2022-09-13 02:23:00,22146.57,22149.34,22113.91,22120.0,242.24349,41.92444562039626
913,2022-09-13 02:24:00,22120.0,22140.66,22111.22,22129.76,217.6344,44.53765645811432
914,2022-09-13 02:25:00,22129.76,22160.79,22127.74,22150.52,299.16618,49.720133828704924
915,2022-09-13 02:26:00,22151.45,22174.76,22135.78,22167.03,335.84482,53.44578836215494
916,2022-09-13 02:27:00,22167.03,22171.76,22155.33,22164.98,210.07463,52.92142603975045
917,2022-09-13 02:28:00,22164.98,22193.32,22160.4,22176.3,290.69656,55.51675097952964
918,2022-09-13 02:29:00,22177.25,22194.41,22172.79,22176.62,166.84449,55.59127991740199
919,2022-09-13 02:30:00,22175.35,22191.73,22169.51,22185.45,199.39854,57.697435902843864
920,2022-09-13 02:31:00,22185.45,22187.22,22165.2,22170.74,180.74606,53.17313774829713
921,2022-09-13 02:32:00,22170.19,22188.89,22169.21,22187.47,183.83703,57.276410526864865
922,2022-09-13 02:33:00,22186.78,22203.33,22183.97,22196.22,185.49108,59.2858613311814
923,2022-09-13 02:34:00,22196.23,22208.54,22190.19,22195.34,169.71014,58.98538286749457
924,2022-09-13 02:35:00,22195.25,22203.57,22181.22,22185.59,146.27393,55.62171418126485
925,2022-09-13 02:36:00,22186.31,22186.77,22171.22,22184.81,165.52922,55.349782755036024
926,2022-09-13 02:37:00,22184.83,22186.7,22169.58,22178.45,150.68036,53.071419682112875
927,2022-09-13 02:38:00,22178.45,22181.61,22149.94,22152.67,242.43654,44.98769939343909
928,2022-09-13 02:39:00,22152.67,22180.13,22152.67,22157.99,337.35234,46.7889165577135
929,2022-09-13 02:40:00,22157.99,22174.44,22153.8,22169.47,293.9354,50.551404922033385
930,2022-09-13 02:41:00,22169.47,22178.49,22164.2,22167.39,219.68503,49.86344760088851
931,2022-09-13 02:42:00,22166.41,22178.97,22166.18,22172.32,216.23146,51.546590078537704
932,2022-09-13 02:43:00,22172.32,22181.23,22165.0,22171.72,199.31355,51.32077722796852
933,2022-09-13 02:44:00,22170.51,22180.68,22166.9,22175.33,139.42138,52.66439963184387
934,2022-09-13 02:45:00,22175.33,22182.45,22174.74,22179.64,117.79458,54.28669877290169
935,2022-09-13 02:46:00,22179.64,22180.5,22158.2,22160.91,194.56287,46.78298636886473
936,2022-09-13 02:47:00,22162.04,22169.47,22155.09,22161.27,159.6025,46.934810872872866
937,2022-09-13 02:48:00,22161.33,22165.18,22158.89,22163.43,114.93341,47.89532552041617
938,2022-09-13 02:49:00,22164.19,22164.19,22155.79,22156.44,115.91266,45.05329373786531
939,2022-09-13 02:50:00,22156.44,22194.51,22151.0,22192.75,262.87612,58.74709674237699
940,2022-09-13 02:51:00,22192.75,22221.16,22192.37,22212.84,344.46644,64.08099877825859
941,2022-09-13 02:52:00,22211.91,22240.42,22207.43,22232.22,326.35104,68.3344035056458
942,2022-09-13 02:53:00,22232.85,22254.8,22227.48,22227.99,378.65676,66.48385725518207
943,2022-09-13 02:54:00,22227.99,22253.37,22224.2,22242.73,278.53178,69.5757357593216
944,2022-09-13 02:55:00,22243.84,22280.0,22242.23,22273.4,676.11794,74.78750510975777
945,2022-09-13 02:56:00,22273.4,22275.0,22252.5,22262.13,181.27935,70.0395840989909
946,2022-09-13 02:57:00,22261.1,22271.22,22226.67,22238.81,331.82242,61.359121221810966
947,2022-09-13 02:58:00,22239.67,22251.54,22235.6,22245.48,231.16745,62.78000200983325
948,2022-09-13 02:59:00,22244.71,22261.44,22242.52,22255.89,198.42505,64.94646863322647
949,2022-09-13 03:00:00,22255.86,22267.08,22254.71,22257.67,189.48333,65.3182017229136
950,2022-09-13 03:01:00,22258.36,22264.46,22245.83,22251.56,254.92077,62.85420746651978
951,2022-09-13 03:02:00,22252.2,22262.65,22242.51,22257.28,198.08106,64.21516324461889
952,2022-09-13 03:03:00,22256.54,22269.8,22255.42,22262.45,171.9106,65.44740042837917
953,2022-09-13 03:04:00,22262.45,22267.78,22260.61,22262.85,135.6556,65.54625252099645
954,2022-09-13 03:05:00,22262.85,22268.49,22257.65,22260.16,125.74945,64.21572607942525
955,2022-09-13 03:06:00,22260.16,22260.64,22240.35,22252.15,175.96032,60.29113831165408
956,2022-09-13 03:07:00,22252.15,22264.6,22247.5,22259.92,188.23314,62.67419832124589
957,2022-09-13 03:08:00,22260.61,22284.8,22256.86,22267.38,207.95971,64.85498774527427
958,2022-09-13 03:09:00,22268.1,22280.0,22257.7,22263.03,241.14789,62.559714170246174
959,2022-09-13 03:10:00,22263.99,22270.18,22251.63,22252.59,199.6154,57.316842164004235
960,2022-09-13 03:11:00,22252.59,22254.1,22233.77,22236.75,173.01142,50.413481661937645
961,2022-09-13 03:12:00,22237.43,22242.64,22225.0,22229.28,191.24113,47.507514415986904
962,2022-09-13 03:13:00,22230.27,22234.46,22226.91,22232.55,129.90979,48.89621595430961
963,2022-09-13 03:14:00,22232.55,22233.92,22226.7,22231.85,125.74358,48.59981380055648
964,2022-09-13 03:15:00,22231.85,22235.81,22226.15,22231.36,135.61211,48.3787369071579
965,2022-09-13 03:16:00,22230.82,22231.55,22203.6,22209.91,238.45599,39.8359459035767
966,2022-09-13 03:17:00,22208.96,22223.56,22203.89,22217.69,227.73661,43.717917876801295
967,2022-09-13 03:18:00,22216.63,22218.41,22185.2,22186.37,146.47869,34.16177610337032
968,2022-09-13 03:19:00,22185.33,22199.42,22185.33,22198.14,125.97332,39.51267659126566
969,2022-09-13 03:20:00,22198.14,22204.2,22194.5,22196.14,124.04468,38.933632138784255
970,2022-09-13 03:21:00,22195.44,22197.12,22175.96,22186.54,161.85729,36.19197196737801
971,2022-09-13 03:22:00,22187.46,22191.54,22180.0,22184.58,99.80151,35.640151549658576
972,2022-09-13 03:23:00,22183.73,22203.53,22182.9,22190.64,197.76534,38.74968396737087
973,2022-09-13 03:24:00,22191.55,22192.99,22176.56,22180.15,128.18409,35.54797069114334
974,2022-09-13 03:25:00,22179.26,22205.55,22175.99,22201.51,198.09537,45.43448065948334
975,2022-09-13 03:26:00,22200.7,22221.0,22198.5,22211.47,158.33976,49.336958492130684
976,2022-09-13 03:27:00,22211.06,22226.09,22205.79,22207.99,222.09041,48.04405416617208
977,2022-09-13 03:28:00,22208.68,22209.52,22187.89,22190.68,174.36573,42.1299679446784
978,2022-09-13 03:29:00,22191.63,22210.15,22190.54,22196.65,185.69436,44.66012858906635
979,2022-09-13 03:30:00,22196.65,22206.68,22183.99,22189.31,180.38575,42.21624568123338
980,2022-09-13 03:31:00,22190.19,22208.06,22187.6,22203.81,152.32938,48.241790170615225
981,2022-09-13 03:32:00,22203.18,22211.55,22200.82,22207.58,132.72676,49.710138235563754
982,2022-09-13 03:33:00,22207.58,22219.14,22205.13,22211.96,137.73583,51.43398892372145
983,2022-09-13 03:34:00,22211.88,22219.5,22206.34,22210.71,154.87052,50.89777438770518
984,2022-09-13 03:35:00,22210.11,22216.65,22201.79,22203.18,141.4451,47.67347867712397
985,2022-09-13 03:36:00,22204.11,22218.81,22202.14,22208.26,133.55778,49.97581879715743
986,2022-09-13 03:37:00,22209.11,22232.42,22206.75,22227.57,184.19345,57.61077185626019
987,2022-09-13 03:38:00,22227.57,22231.38,22217.14,22218.41,110.02919,53.44379084484293
988,2022-09-13 03:39:00,22218.76,22220.3,22206.74,22209.09,128.50801,49.51918172055238
989,2022-09-13 03:40:00,22209.09,22209.78,22181.22,22184.37,152.71528,40.93316521000655
990,2022-09-13 03:41:00,22184.37,22191.5,22177.91,22187.92,157.52596,42.47569724815738
991,2022-09-13 03:42:00,22186.94,22198.84,22183.28,22193.53,155.52083,44.92349784609459
992,2022-09-13 03:43:00,22194.23,22196.96,22176.0,22181.27,146.64511,40.83409495348362
993,2022-09-13 03:44:00,22181.27,22188.71,22176.63,22180.75,138.86831,40.66501007223992
994,2022-09-13 03:45:00,22180.1,22185.4,22156.98,22180.6,374.11579,40.61276840412516
995,2022-09-13 03:46:00,22181.14,22190.0,22179.49,22181.35,195.01583,41.0207588748802
996,2022-09-13 03:47:00,22182.45,22197.11,22179.73,22192.19,176.77039,46.71830290931693
997,2022-09-13 03:48:00,22191.09,22201.0,22185.97,22195.46,214.46694,48.33955231308625
998,2022-09-13 03:49:00,22195.46,22217.28,22184.61,22206.82,332.7206,53.61942194554265
999,2022-09-13 03:50:00,22207.73,22210.59,22206.81,22210.59,3.66524,55.25385944744389
